slice_type,slice_value,n,accuracy,invalid_rate,evidence_presence_rate,reference_evidence_rate,mean_best_evidence_iou,mean_best_evidence_iou_n,mean_best_evidence_centroid_drift,mean_best_evidence_centroid_drift_n
overall,all,163,0.4171779141104294,0.0,0.9693251533742331,0.9877300613496932,0.3688513580196756,158,0.11451882910677574,158
rule_id,fall_harness,26,0.5,0.0,0.9615384615384616,0.9615384615384616,0.5697860948487736,25,0.017514177110247407,25
rule_id,guardrail_edge,49,0.5102040816326531,0.0,0.9387755102040817,1.0,0.39993464943190404,46,0.1943752695763553,46
rule_id,ppe_hard_hat,63,0.2698412698412698,0.0,1.0,1.0,0.22552501067134892,63,0.09199971304691978,63
rule_id,struck_by_equipment,25,0.52,0.0,0.96,0.96,0.47619969373861837,24,0.12161984369358725,24
annotation_ambiguous,no,69,0.37681159420289856,0.0,1.0,1.0,0.36338572166915956,69,0.11071883973791567,69
annotation_ambiguous,yes,94,0.44680851063829785,0.0,0.9468085106382979,0.9787234042553191,0.37308876148243536,89,0.11746488828038638,89
annotation_applies_to_image,uncertain,8,0.625,0.0,0.875,0.875,1.0,7,0.0,7
annotation_applies_to_image,yes,155,0.4064516129032258,0.0,0.9741935483870968,0.9935483870967742,0.33959281170270694,151,0.11982764899914283,151
