image_id,rule_id,model_id,prompt_id,truth_answer,predicted_answer,answer_correct,invalid_output,has_predicted_evidence,has_reference_evidence,best_evidence_iou,best_evidence_centroid_drift,annotation_ambiguous,annotation_applies_to_image
0000001,guardrail_edge,microsoft/Florence-2-base-ft:grounding_pipeline,florence_grounding_beam,compliant,compliant,true,false,true,false,,,yes,uncertain
0000002,struck_by_equipment,microsoft/Florence-2-base-ft:grounding_pipeline,florence_grounding_beam,compliant,compliant,true,false,true,false,,,no,uncertain
0000010,struck_by_equipment,microsoft/Florence-2-base-ft:grounding_pipeline,florence_grounding_beam,compliant,compliant,true,false,true,false,,,yes,uncertain
0000013,ppe_hard_hat,microsoft/Florence-2-base-ft:grounding_pipeline,florence_grounding_beam,compliant,compliant,true,false,true,false,,,yes,uncertain
0000014,struck_by_equipment,microsoft/Florence-2-base-ft:grounding_pipeline,florence_grounding_beam,compliant,violation,false,false,true,false,,,yes,uncertain
0000015,ppe_hard_hat,microsoft/Florence-2-base-ft:grounding_pipeline,florence_grounding_beam,compliant,compliant,true,false,true,false,,,yes,uncertain
0000017,struck_by_equipment,microsoft/Florence-2-base-ft:grounding_pipeline,florence_grounding_beam,compliant,violation,false,false,true,false,,,yes,uncertain
0000018,guardrail_edge,microsoft/Florence-2-base-ft:grounding_pipeline,florence_grounding_beam,compliant,compliant,true,false,true,false,,,yes,uncertain
0000022,ppe_hard_hat,microsoft/Florence-2-base-ft:grounding_pipeline,florence_grounding_beam,compliant,compliant,true,false,true,false,,,yes,uncertain
0000023,struck_by_equipment,microsoft/Florence-2-base-ft:grounding_pipeline,florence_grounding_beam,compliant,compliant,true,false,true,false,,,no,uncertain
0000025,ppe_hard_hat,microsoft/Florence-2-base-ft:grounding_pipeline,florence_grounding_beam,compliant,compliant,true,false,true,false,,,yes,uncertain
0000028,guardrail_edge,microsoft/Florence-2-base-ft:grounding_pipeline,florence_grounding_beam,compliant,compliant,true,false,true,false,,,yes,uncertain
0000030,ppe_hard_hat,microsoft/Florence-2-base-ft:grounding_pipeline,florence_grounding_beam,compliant,compliant,true,false,true,false,,,yes,uncertain
0000031,fall_harness,microsoft/Florence-2-base-ft:grounding_pipeline,florence_grounding_beam,compliant,compliant,true,false,true,false,,,yes,uncertain
0000032,struck_by_equipment,microsoft/Florence-2-base-ft:grounding_pipeline,florence_grounding_beam,compliant,violation,false,false,true,false,,,no,uncertain
0000033,fall_harness,microsoft/Florence-2-base-ft:grounding_pipeline,florence_grounding_beam,compliant,violation,false,false,true,false,,,yes,uncertain
0000034,guardrail_edge,microsoft/Florence-2-base-ft:grounding_pipeline,florence_grounding_beam,compliant,compliant,true,false,true,false,,,yes,uncertain
0000035,struck_by_equipment,microsoft/Florence-2-base-ft:grounding_pipeline,florence_grounding_beam,compliant,violation,false,false,true,false,,,no,uncertain
0000037,ppe_hard_hat,microsoft/Florence-2-base-ft:grounding_pipeline,florence_grounding_beam,compliant,violation,false,false,true,false,,,yes,uncertain
0000041,ppe_hard_hat,microsoft/Florence-2-base-ft:grounding_pipeline,florence_grounding_beam,compliant,compliant,true,false,true,false,,,yes,uncertain
0000042,fall_harness,microsoft/Florence-2-base-ft:grounding_pipeline,florence_grounding_beam,compliant,violation,false,false,true,false,,,yes,uncertain
0000044,struck_by_equipment,microsoft/Florence-2-base-ft:grounding_pipeline,florence_grounding_beam,compliant,violation,false,false,true,false,,,yes,uncertain
0000045,guardrail_edge,microsoft/Florence-2-base-ft:grounding_pipeline,florence_grounding_beam,compliant,compliant,true,false,true,false,,,yes,uncertain
0000047,ppe_hard_hat,microsoft/Florence-2-base-ft:grounding_pipeline,florence_grounding_beam,compliant,compliant,true,false,true,false,,,yes,uncertain
0000048,struck_by_equipment,microsoft/Florence-2-base-ft:grounding_pipeline,florence_grounding_beam,compliant,violation,false,false,true,false,,,yes,uncertain
0000050,guardrail_edge,microsoft/Florence-2-base-ft:grounding_pipeline,florence_grounding_beam,compliant,compliant,true,false,true,false,,,yes,uncertain
0000051,struck_by_equipment,microsoft/Florence-2-base-ft:grounding_pipeline,florence_grounding_beam,compliant,violation,false,false,true,false,,,yes,uncertain
0000054,guardrail_edge,microsoft/Florence-2-base-ft:grounding_pipeline,florence_grounding_beam,compliant,compliant,true,false,true,false,,,yes,uncertain
0000057,guardrail_edge,microsoft/Florence-2-base-ft:grounding_pipeline,florence_grounding_beam,compliant,compliant,true,false,true,false,,,yes,uncertain
0000058,ppe_hard_hat,microsoft/Florence-2-base-ft:grounding_pipeline,florence_grounding_beam,compliant,compliant,true,false,true,false,,,yes,uncertain
0000060,fall_harness,microsoft/Florence-2-base-ft:grounding_pipeline,florence_grounding_beam,compliant,violation,false,false,true,false,,,yes,uncertain
0000061,guardrail_edge,microsoft/Florence-2-base-ft:grounding_pipeline,florence_grounding_beam,compliant,violation,false,false,true,false,,,yes,uncertain
0000062,struck_by_equipment,microsoft/Florence-2-base-ft:grounding_pipeline,florence_grounding_beam,compliant,violation,false,false,true,false,,,no,uncertain
0000064,guardrail_edge,microsoft/Florence-2-base-ft:grounding_pipeline,florence_grounding_beam,compliant,compliant,true,false,true,false,,,yes,uncertain
0000066,struck_by_equipment,microsoft/Florence-2-base-ft:grounding_pipeline,florence_grounding_beam,compliant,compliant,true,false,true,false,,,no,uncertain
0000067,ppe_hard_hat,microsoft/Florence-2-base-ft:grounding_pipeline,florence_grounding_beam,compliant,compliant,true,false,true,false,,,yes,uncertain
0000069,struck_by_equipment,microsoft/Florence-2-base-ft:grounding_pipeline,florence_grounding_beam,compliant,violation,false,false,true,false,,,no,uncertain
0000073,struck_by_equipment,microsoft/Florence-2-base-ft:grounding_pipeline,florence_grounding_beam,compliant,violation,false,false,true,false,,,yes,uncertain
0000074,struck_by_equipment,microsoft/Florence-2-base-ft:grounding_pipeline,florence_grounding_beam,compliant,compliant,true,false,true,false,,,no,uncertain
0000078,fall_harness,microsoft/Florence-2-base-ft:grounding_pipeline,florence_grounding_beam,compliant,compliant,true,false,true,false,,,yes,uncertain
0000081,guardrail_edge,microsoft/Florence-2-base-ft:grounding_pipeline,florence_grounding_beam,compliant,compliant,true,false,true,false,,,yes,uncertain
0000084,fall_harness,microsoft/Florence-2-base-ft:grounding_pipeline,florence_grounding_beam,compliant,violation,false,false,true,false,,,yes,uncertain
0000087,struck_by_equipment,microsoft/Florence-2-base-ft:grounding_pipeline,florence_grounding_beam,compliant,compliant,true,false,true,false,,,no,uncertain
0000091,guardrail_edge,microsoft/Florence-2-base-ft:grounding_pipeline,florence_grounding_beam,compliant,compliant,true,false,true,false,,,yes,uncertain
0000100,struck_by_equipment,microsoft/Florence-2-base-ft:grounding_pipeline,florence_grounding_beam,compliant,violation,false,false,true,false,,,yes,uncertain
0000106,struck_by_equipment,microsoft/Florence-2-base-ft:grounding_pipeline,florence_grounding_beam,compliant,violation,false,false,true,false,,,no,uncertain
0000114,fall_harness,microsoft/Florence-2-base-ft:grounding_pipeline,florence_grounding_beam,compliant,compliant,true,false,true,false,,,yes,uncertain
0000119,guardrail_edge,microsoft/Florence-2-base-ft:grounding_pipeline,florence_grounding_beam,compliant,compliant,true,false,true,false,,,yes,uncertain
0000121,ppe_hard_hat,microsoft/Florence-2-base-ft:grounding_pipeline,florence_grounding_beam,compliant,compliant,true,false,true,false,,,yes,uncertain
0000124,guardrail_edge,microsoft/Florence-2-base-ft:grounding_pipeline,florence_grounding_beam,compliant,compliant,true,false,true,false,,,yes,uncertain
0000126,guardrail_edge,microsoft/Florence-2-base-ft:grounding_pipeline,florence_grounding_beam,compliant,violation,false,false,true,false,,,yes,uncertain
0000127,struck_by_equipment,microsoft/Florence-2-base-ft:grounding_pipeline,florence_grounding_beam,compliant,compliant,true,false,true,false,,,no,uncertain
0000128,guardrail_edge,microsoft/Florence-2-base-ft:grounding_pipeline,florence_grounding_beam,compliant,compliant,true,false,true,false,,,yes,uncertain
0000129,struck_by_equipment,microsoft/Florence-2-base-ft:grounding_pipeline,florence_grounding_beam,compliant,violation,false,false,true,false,,,yes,uncertain
0000131,guardrail_edge,microsoft/Florence-2-base-ft:grounding_pipeline,florence_grounding_beam,compliant,compliant,true,false,true,false,,,yes,uncertain
0000136,guardrail_edge,microsoft/Florence-2-base-ft:grounding_pipeline,florence_grounding_beam,compliant,compliant,true,false,true,false,,,yes,uncertain
0000138,struck_by_equipment,microsoft/Florence-2-base-ft:grounding_pipeline,florence_grounding_beam,compliant,violation,false,false,true,false,,,yes,uncertain
0000140,fall_harness,microsoft/Florence-2-base-ft:grounding_pipeline,florence_grounding_beam,compliant,violation,false,false,false,false,,,yes,uncertain
0000146,struck_by_equipment,microsoft/Florence-2-base-ft:grounding_pipeline,florence_grounding_beam,compliant,compliant,true,false,true,false,,,yes,uncertain
0000150,struck_by_equipment,microsoft/Florence-2-base-ft:grounding_pipeline,florence_grounding_beam,compliant,compliant,true,false,true,false,,,no,uncertain
0000152,fall_harness,microsoft/Florence-2-base-ft:grounding_pipeline,florence_grounding_beam,compliant,compliant,true,false,true,false,,,yes,uncertain
0000153,fall_harness,microsoft/Florence-2-base-ft:grounding_pipeline,florence_grounding_beam,compliant,compliant,true,false,true,false,,,yes,uncertain
0000154,fall_harness,microsoft/Florence-2-base-ft:grounding_pipeline,florence_grounding_beam,compliant,violation,false,false,true,false,,,yes,uncertain
0000155,fall_harness,microsoft/Florence-2-base-ft:grounding_pipeline,florence_grounding_beam,compliant,compliant,true,false,true,false,,,yes,uncertain
0000159,guardrail_edge,microsoft/Florence-2-base-ft:grounding_pipeline,florence_grounding_beam,compliant,compliant,true,false,true,false,,,yes,uncertain
0000160,guardrail_edge,microsoft/Florence-2-base-ft:grounding_pipeline,florence_grounding_beam,compliant,violation,false,false,true,false,,,yes,uncertain
0000176,ppe_hard_hat,microsoft/Florence-2-base-ft:grounding_pipeline,florence_grounding_beam,compliant,compliant,true,false,true,false,,,yes,uncertain
0000183,struck_by_equipment,microsoft/Florence-2-base-ft:grounding_pipeline,florence_grounding_beam,compliant,violation,false,false,true,false,,,no,uncertain
0000184,fall_harness,microsoft/Florence-2-base-ft:grounding_pipeline,florence_grounding_beam,compliant,compliant,true,false,true,false,,,yes,uncertain
0000186,struck_by_equipment,microsoft/Florence-2-base-ft:grounding_pipeline,florence_grounding_beam,compliant,violation,false,false,true,false,,,no,uncertain
0000187,ppe_hard_hat,microsoft/Florence-2-base-ft:grounding_pipeline,florence_grounding_beam,compliant,violation,false,false,false,false,,,yes,uncertain
0000189,ppe_hard_hat,microsoft/Florence-2-base-ft:grounding_pipeline,florence_grounding_beam,compliant,compliant,true,false,true,false,,,yes,uncertain
0000200,fall_harness,microsoft/Florence-2-base-ft:grounding_pipeline,florence_grounding_beam,compliant,compliant,true,false,true,false,,,yes,uncertain
0000204,fall_harness,microsoft/Florence-2-base-ft:grounding_pipeline,florence_grounding_beam,compliant,compliant,true,false,true,false,,,yes,uncertain
0000205,guardrail_edge,microsoft/Florence-2-base-ft:grounding_pipeline,florence_grounding_beam,compliant,compliant,true,false,true,false,,,yes,uncertain
0000206,struck_by_equipment,microsoft/Florence-2-base-ft:grounding_pipeline,florence_grounding_beam,compliant,violation,false,false,true,false,,,yes,uncertain
0000211,struck_by_equipment,microsoft/Florence-2-base-ft:grounding_pipeline,florence_grounding_beam,compliant,violation,false,false,true,false,,,yes,uncertain
0000213,struck_by_equipment,microsoft/Florence-2-base-ft:grounding_pipeline,florence_grounding_beam,compliant,violation,false,false,true,false,,,yes,uncertain
0000214,struck_by_equipment,microsoft/Florence-2-base-ft:grounding_pipeline,florence_grounding_beam,compliant,violation,false,false,true,false,,,yes,uncertain
0000215,ppe_hard_hat,microsoft/Florence-2-base-ft:grounding_pipeline,florence_grounding_beam,compliant,compliant,true,false,true,false,,,yes,uncertain
0000216,struck_by_equipment,microsoft/Florence-2-base-ft:grounding_pipeline,florence_grounding_beam,compliant,violation,false,false,true,false,,,yes,uncertain
0000217,struck_by_equipment,microsoft/Florence-2-base-ft:grounding_pipeline,florence_grounding_beam,compliant,violation,false,false,true,false,,,yes,uncertain
0000221,fall_harness,microsoft/Florence-2-base-ft:grounding_pipeline,florence_grounding_beam,compliant,compliant,true,false,true,false,,,yes,uncertain
0000222,ppe_hard_hat,microsoft/Florence-2-base-ft:grounding_pipeline,florence_grounding_beam,compliant,compliant,true,false,true,false,,,yes,uncertain
0000223,guardrail_edge,microsoft/Florence-2-base-ft:grounding_pipeline,florence_grounding_beam,compliant,compliant,true,false,true,false,,,yes,uncertain
0000224,struck_by_equipment,microsoft/Florence-2-base-ft:grounding_pipeline,florence_grounding_beam,compliant,violation,false,false,true,false,,,yes,uncertain
0000225,fall_harness,microsoft/Florence-2-base-ft:grounding_pipeline,florence_grounding_beam,compliant,compliant,true,false,true,false,,,yes,uncertain
0000226,struck_by_equipment,microsoft/Florence-2-base-ft:grounding_pipeline,florence_grounding_beam,compliant,compliant,true,false,true,false,,,no,uncertain
0000231,ppe_hard_hat,microsoft/Florence-2-base-ft:grounding_pipeline,florence_grounding_beam,compliant,compliant,true,false,true,false,,,yes,uncertain
0000235,guardrail_edge,microsoft/Florence-2-base-ft:grounding_pipeline,florence_grounding_beam,compliant,compliant,true,false,true,false,,,yes,uncertain
0000236,fall_harness,microsoft/Florence-2-base-ft:grounding_pipeline,florence_grounding_beam,compliant,compliant,true,false,true,false,,,yes,uncertain
0000237,guardrail_edge,microsoft/Florence-2-base-ft:grounding_pipeline,florence_grounding_beam,compliant,compliant,true,false,true,false,,,yes,uncertain
0000243,struck_by_equipment,microsoft/Florence-2-base-ft:grounding_pipeline,florence_grounding_beam,compliant,compliant,true,false,true,false,,,yes,uncertain
0000247,fall_harness,microsoft/Florence-2-base-ft:grounding_pipeline,florence_grounding_beam,compliant,compliant,true,false,true,false,,,yes,uncertain
0000248,struck_by_equipment,microsoft/Florence-2-base-ft:grounding_pipeline,florence_grounding_beam,compliant,violation,false,false,true,false,,,no,uncertain
0000254,ppe_hard_hat,microsoft/Florence-2-base-ft:grounding_pipeline,florence_grounding_beam,compliant,compliant,true,false,true,false,,,yes,uncertain
0000259,fall_harness,microsoft/Florence-2-base-ft:grounding_pipeline,florence_grounding_beam,compliant,compliant,true,false,true,false,,,yes,uncertain
0000262,struck_by_equipment,microsoft/Florence-2-base-ft:grounding_pipeline,florence_grounding_beam,compliant,violation,false,false,true,false,,,yes,uncertain
0000266,struck_by_equipment,microsoft/Florence-2-base-ft:grounding_pipeline,florence_grounding_beam,compliant,violation,false,false,true,false,,,yes,uncertain
0000267,fall_harness,microsoft/Florence-2-base-ft:grounding_pipeline,florence_grounding_beam,compliant,compliant,true,false,true,false,,,yes,uncertain
0000270,struck_by_equipment,microsoft/Florence-2-base-ft:grounding_pipeline,florence_grounding_beam,compliant,violation,false,false,true,false,,,no,uncertain
0000271,ppe_hard_hat,microsoft/Florence-2-base-ft:grounding_pipeline,florence_grounding_beam,compliant,violation,false,false,true,false,,,yes,uncertain
0000272,ppe_hard_hat,microsoft/Florence-2-base-ft:grounding_pipeline,florence_grounding_beam,compliant,violation,false,false,true,false,,,yes,uncertain
0000273,guardrail_edge,microsoft/Florence-2-base-ft:grounding_pipeline,florence_grounding_beam,compliant,compliant,true,false,true,false,,,yes,uncertain
0000274,ppe_hard_hat,microsoft/Florence-2-base-ft:grounding_pipeline,florence_grounding_beam,compliant,compliant,true,false,true,false,,,yes,uncertain
0000280,struck_by_equipment,microsoft/Florence-2-base-ft:grounding_pipeline,florence_grounding_beam,compliant,violation,false,false,true,false,,,yes,uncertain
0000282,struck_by_equipment,microsoft/Florence-2-base-ft:grounding_pipeline,florence_grounding_beam,compliant,violation,false,false,true,false,,,no,uncertain
0000283,struck_by_equipment,microsoft/Florence-2-base-ft:grounding_pipeline,florence_grounding_beam,compliant,violation,false,false,true,false,,,yes,uncertain
0000286,fall_harness,microsoft/Florence-2-base-ft:grounding_pipeline,florence_grounding_beam,compliant,violation,false,false,true,false,,,yes,uncertain
0000287,ppe_hard_hat,microsoft/Florence-2-base-ft:grounding_pipeline,florence_grounding_beam,compliant,compliant,true,false,true,false,,,yes,uncertain
0000288,fall_harness,microsoft/Florence-2-base-ft:grounding_pipeline,florence_grounding_beam,compliant,compliant,true,false,true,false,,,yes,uncertain
0000291,fall_harness,microsoft/Florence-2-base-ft:grounding_pipeline,florence_grounding_beam,compliant,compliant,true,false,true,false,,,yes,uncertain
0000293,fall_harness,microsoft/Florence-2-base-ft:grounding_pipeline,florence_grounding_beam,compliant,compliant,true,false,true,false,,,yes,uncertain
0000294,struck_by_equipment,microsoft/Florence-2-base-ft:grounding_pipeline,florence_grounding_beam,compliant,violation,false,false,true,false,,,no,uncertain
0000299,ppe_hard_hat,microsoft/Florence-2-base-ft:grounding_pipeline,florence_grounding_beam,compliant,compliant,true,false,true,false,,,yes,uncertain
0000300,fall_harness,microsoft/Florence-2-base-ft:grounding_pipeline,florence_grounding_beam,compliant,compliant,true,false,true,false,,,yes,uncertain
0000302,struck_by_equipment,microsoft/Florence-2-base-ft:grounding_pipeline,florence_grounding_beam,compliant,violation,false,false,true,false,,,yes,uncertain
0000304,guardrail_edge,microsoft/Florence-2-base-ft:grounding_pipeline,florence_grounding_beam,compliant,compliant,true,false,true,false,,,yes,uncertain
0000305,struck_by_equipment,microsoft/Florence-2-base-ft:grounding_pipeline,florence_grounding_beam,compliant,violation,false,false,true,false,,,yes,uncertain
0000309,guardrail_edge,microsoft/Florence-2-base-ft:grounding_pipeline,florence_grounding_beam,compliant,compliant,true,false,true,false,,,yes,uncertain
0000310,struck_by_equipment,microsoft/Florence-2-base-ft:grounding_pipeline,florence_grounding_beam,compliant,violation,false,false,true,false,,,yes,uncertain
0000312,struck_by_equipment,microsoft/Florence-2-base-ft:grounding_pipeline,florence_grounding_beam,compliant,violation,false,false,true,false,,,yes,uncertain
0000321,struck_by_equipment,microsoft/Florence-2-base-ft:grounding_pipeline,florence_grounding_beam,compliant,violation,false,false,true,false,,,yes,uncertain
0000325,struck_by_equipment,microsoft/Florence-2-base-ft:grounding_pipeline,florence_grounding_beam,compliant,compliant,true,false,true,false,,,no,uncertain
0000329,guardrail_edge,microsoft/Florence-2-base-ft:grounding_pipeline,florence_grounding_beam,compliant,compliant,true,false,true,false,,,yes,uncertain
0000330,fall_harness,microsoft/Florence-2-base-ft:grounding_pipeline,florence_grounding_beam,compliant,compliant,true,false,true,false,,,yes,uncertain
0000333,guardrail_edge,microsoft/Florence-2-base-ft:grounding_pipeline,florence_grounding_beam,compliant,compliant,true,false,true,false,,,yes,uncertain
0000334,ppe_hard_hat,microsoft/Florence-2-base-ft:grounding_pipeline,florence_grounding_beam,compliant,compliant,true,false,true,false,,,yes,uncertain
0000335,struck_by_equipment,microsoft/Florence-2-base-ft:grounding_pipeline,florence_grounding_beam,compliant,violation,false,false,true,false,,,yes,uncertain
0000336,struck_by_equipment,microsoft/Florence-2-base-ft:grounding_pipeline,florence_grounding_beam,compliant,violation,false,false,true,false,,,yes,uncertain
0000337,ppe_hard_hat,microsoft/Florence-2-base-ft:grounding_pipeline,florence_grounding_beam,compliant,compliant,true,false,true,false,,,yes,uncertain
0000341,struck_by_equipment,microsoft/Florence-2-base-ft:grounding_pipeline,florence_grounding_beam,compliant,violation,false,false,true,false,,,yes,uncertain
0000342,struck_by_equipment,microsoft/Florence-2-base-ft:grounding_pipeline,florence_grounding_beam,compliant,violation,false,false,true,false,,,yes,uncertain
0000343,struck_by_equipment,microsoft/Florence-2-base-ft:grounding_pipeline,florence_grounding_beam,compliant,violation,false,false,true,false,,,yes,uncertain
0000345,guardrail_edge,microsoft/Florence-2-base-ft:grounding_pipeline,florence_grounding_beam,compliant,compliant,true,false,true,false,,,yes,uncertain
0000352,fall_harness,microsoft/Florence-2-base-ft:grounding_pipeline,florence_grounding_beam,compliant,compliant,true,false,true,false,,,yes,uncertain
0000354,fall_harness,microsoft/Florence-2-base-ft:grounding_pipeline,florence_grounding_beam,compliant,compliant,true,false,true,false,,,yes,uncertain
0000355,ppe_hard_hat,microsoft/Florence-2-base-ft:grounding_pipeline,florence_grounding_beam,compliant,violation,false,false,true,false,,,yes,uncertain
0000356,fall_harness,microsoft/Florence-2-base-ft:grounding_pipeline,florence_grounding_beam,compliant,compliant,true,false,true,false,,,yes,uncertain
0000358,struck_by_equipment,microsoft/Florence-2-base-ft:grounding_pipeline,florence_grounding_beam,compliant,violation,false,false,true,false,,,no,uncertain
0000359,struck_by_equipment,microsoft/Florence-2-base-ft:grounding_pipeline,florence_grounding_beam,compliant,compliant,true,false,true,false,,,no,uncertain
0000360,ppe_hard_hat,microsoft/Florence-2-base-ft:grounding_pipeline,florence_grounding_beam,compliant,compliant,true,false,true,false,,,yes,uncertain
0000363,ppe_hard_hat,microsoft/Florence-2-base-ft:grounding_pipeline,florence_grounding_beam,compliant,compliant,true,false,true,false,,,yes,uncertain
0000371,struck_by_equipment,microsoft/Florence-2-base-ft:grounding_pipeline,florence_grounding_beam,compliant,violation,false,false,true,false,,,yes,uncertain
0000379,guardrail_edge,microsoft/Florence-2-base-ft:grounding_pipeline,florence_grounding_beam,compliant,compliant,true,false,true,false,,,yes,uncertain
0000380,struck_by_equipment,microsoft/Florence-2-base-ft:grounding_pipeline,florence_grounding_beam,compliant,violation,false,false,true,false,,,no,uncertain
0000381,ppe_hard_hat,microsoft/Florence-2-base-ft:grounding_pipeline,florence_grounding_beam,compliant,violation,false,false,true,false,,,yes,uncertain
0000382,struck_by_equipment,microsoft/Florence-2-base-ft:grounding_pipeline,florence_grounding_beam,compliant,compliant,true,false,true,false,,,yes,uncertain
0000384,ppe_hard_hat,microsoft/Florence-2-base-ft:grounding_pipeline,florence_grounding_beam,compliant,compliant,true,false,true,false,,,yes,uncertain
0000385,guardrail_edge,microsoft/Florence-2-base-ft:grounding_pipeline,florence_grounding_beam,compliant,compliant,true,false,true,false,,,yes,uncertain
0000388,fall_harness,microsoft/Florence-2-base-ft:grounding_pipeline,florence_grounding_beam,compliant,compliant,true,false,true,false,,,yes,uncertain
0000390,struck_by_equipment,microsoft/Florence-2-base-ft:grounding_pipeline,florence_grounding_beam,compliant,compliant,true,false,true,false,,,yes,uncertain
0000391,ppe_hard_hat,microsoft/Florence-2-base-ft:grounding_pipeline,florence_grounding_beam,compliant,violation,false,false,true,false,,,yes,uncertain
0000392,guardrail_edge,microsoft/Florence-2-base-ft:grounding_pipeline,florence_grounding_beam,compliant,compliant,true,false,true,false,,,yes,uncertain
0000393,guardrail_edge,microsoft/Florence-2-base-ft:grounding_pipeline,florence_grounding_beam,compliant,compliant,true,false,true,false,,,yes,uncertain
0000394,guardrail_edge,microsoft/Florence-2-base-ft:grounding_pipeline,florence_grounding_beam,compliant,compliant,true,false,true,false,,,yes,uncertain
0000395,struck_by_equipment,microsoft/Florence-2-base-ft:grounding_pipeline,florence_grounding_beam,compliant,violation,false,false,true,false,,,no,uncertain
0000397,struck_by_equipment,microsoft/Florence-2-base-ft:grounding_pipeline,florence_grounding_beam,compliant,violation,false,false,true,false,,,yes,uncertain
0000399,guardrail_edge,microsoft/Florence-2-base-ft:grounding_pipeline,florence_grounding_beam,compliant,compliant,true,false,true,false,,,yes,uncertain
0000400,struck_by_equipment,microsoft/Florence-2-base-ft:grounding_pipeline,florence_grounding_beam,compliant,violation,false,false,true,false,,,no,uncertain
0000406,ppe_hard_hat,microsoft/Florence-2-base-ft:grounding_pipeline,florence_grounding_beam,compliant,compliant,true,false,true,false,,,yes,uncertain
0000408,guardrail_edge,microsoft/Florence-2-base-ft:grounding_pipeline,florence_grounding_beam,compliant,compliant,true,false,true,false,,,yes,uncertain
0000410,ppe_hard_hat,microsoft/Florence-2-base-ft:grounding_pipeline,florence_grounding_beam,compliant,violation,false,false,true,false,,,yes,uncertain
0000411,struck_by_equipment,microsoft/Florence-2-base-ft:grounding_pipeline,florence_grounding_beam,compliant,violation,false,false,true,false,,,yes,uncertain
0000412,ppe_hard_hat,microsoft/Florence-2-base-ft:grounding_pipeline,florence_grounding_beam,compliant,compliant,true,false,true,false,,,yes,uncertain
0000413,fall_harness,microsoft/Florence-2-base-ft:grounding_pipeline,florence_grounding_beam,compliant,compliant,true,false,true,false,,,yes,uncertain
0000414,ppe_hard_hat,microsoft/Florence-2-base-ft:grounding_pipeline,florence_grounding_beam,compliant,compliant,true,false,true,false,,,yes,uncertain
0000416,fall_harness,microsoft/Florence-2-base-ft:grounding_pipeline,florence_grounding_beam,compliant,compliant,true,false,true,false,,,yes,uncertain
0000417,fall_harness,microsoft/Florence-2-base-ft:grounding_pipeline,florence_grounding_beam,compliant,compliant,true,false,true,false,,,yes,uncertain
0000418,guardrail_edge,microsoft/Florence-2-base-ft:grounding_pipeline,florence_grounding_beam,compliant,violation,false,false,true,false,,,yes,uncertain
0000420,fall_harness,microsoft/Florence-2-base-ft:grounding_pipeline,florence_grounding_beam,compliant,compliant,true,false,true,false,,,yes,uncertain
0000428,struck_by_equipment,microsoft/Florence-2-base-ft:grounding_pipeline,florence_grounding_beam,compliant,violation,false,false,true,false,,,yes,uncertain
0000429,ppe_hard_hat,microsoft/Florence-2-base-ft:grounding_pipeline,florence_grounding_beam,compliant,compliant,true,false,true,false,,,yes,uncertain
0000430,guardrail_edge,microsoft/Florence-2-base-ft:grounding_pipeline,florence_grounding_beam,compliant,compliant,true,false,true,false,,,yes,uncertain
0000432,ppe_hard_hat,microsoft/Florence-2-base-ft:grounding_pipeline,florence_grounding_beam,compliant,compliant,true,false,true,false,,,yes,uncertain
0000433,fall_harness,microsoft/Florence-2-base-ft:grounding_pipeline,florence_grounding_beam,compliant,compliant,true,false,true,false,,,yes,uncertain
0000435,ppe_hard_hat,microsoft/Florence-2-base-ft:grounding_pipeline,florence_grounding_beam,compliant,compliant,true,false,true,false,,,yes,uncertain
0000436,fall_harness,microsoft/Florence-2-base-ft:grounding_pipeline,florence_grounding_beam,compliant,compliant,true,false,true,false,,,yes,uncertain
0000439,struck_by_equipment,microsoft/Florence-2-base-ft:grounding_pipeline,florence_grounding_beam,compliant,violation,false,false,true,false,,,yes,uncertain
0000442,struck_by_equipment,microsoft/Florence-2-base-ft:grounding_pipeline,florence_grounding_beam,compliant,violation,false,false,true,false,,,no,uncertain
0000444,struck_by_equipment,microsoft/Florence-2-base-ft:grounding_pipeline,florence_grounding_beam,compliant,violation,false,false,true,false,,,yes,uncertain
0000445,ppe_hard_hat,microsoft/Florence-2-base-ft:grounding_pipeline,florence_grounding_beam,compliant,compliant,true,false,true,false,,,yes,uncertain
0000446,struck_by_equipment,microsoft/Florence-2-base-ft:grounding_pipeline,florence_grounding_beam,compliant,violation,false,false,true,false,,,yes,uncertain
0000447,ppe_hard_hat,microsoft/Florence-2-base-ft:grounding_pipeline,florence_grounding_beam,compliant,compliant,true,false,true,false,,,yes,uncertain
0000449,ppe_hard_hat,microsoft/Florence-2-base-ft:grounding_pipeline,florence_grounding_beam,compliant,compliant,true,false,true,false,,,yes,uncertain
0000451,struck_by_equipment,microsoft/Florence-2-base-ft:grounding_pipeline,florence_grounding_beam,compliant,violation,false,false,true,false,,,yes,uncertain
0000455,struck_by_equipment,microsoft/Florence-2-base-ft:grounding_pipeline,florence_grounding_beam,compliant,violation,false,false,true,false,,,yes,uncertain
0000457,struck_by_equipment,microsoft/Florence-2-base-ft:grounding_pipeline,florence_grounding_beam,compliant,compliant,true,false,true,false,,,yes,uncertain
0000458,struck_by_equipment,microsoft/Florence-2-base-ft:grounding_pipeline,florence_grounding_beam,compliant,violation,false,false,true,false,,,yes,uncertain
0000459,guardrail_edge,microsoft/Florence-2-base-ft:grounding_pipeline,florence_grounding_beam,compliant,compliant,true,false,true,false,,,yes,uncertain
0000461,struck_by_equipment,microsoft/Florence-2-base-ft:grounding_pipeline,florence_grounding_beam,compliant,violation,false,false,true,false,,,yes,uncertain
0000462,struck_by_equipment,microsoft/Florence-2-base-ft:grounding_pipeline,florence_grounding_beam,compliant,compliant,true,false,true,false,,,no,uncertain
0000463,ppe_hard_hat,microsoft/Florence-2-base-ft:grounding_pipeline,florence_grounding_beam,compliant,compliant,true,false,true,false,,,yes,uncertain
0000464,ppe_hard_hat,microsoft/Florence-2-base-ft:grounding_pipeline,florence_grounding_beam,compliant,violation,false,false,true,false,,,yes,uncertain
0000465,struck_by_equipment,microsoft/Florence-2-base-ft:grounding_pipeline,florence_grounding_beam,compliant,violation,false,false,true,false,,,yes,uncertain
0000466,struck_by_equipment,microsoft/Florence-2-base-ft:grounding_pipeline,florence_grounding_beam,compliant,violation,false,false,true,false,,,yes,uncertain
0000467,struck_by_equipment,microsoft/Florence-2-base-ft:grounding_pipeline,florence_grounding_beam,compliant,violation,false,false,true,false,,,no,uncertain
0000470,guardrail_edge,microsoft/Florence-2-base-ft:grounding_pipeline,florence_grounding_beam,compliant,compliant,true,false,true,false,,,yes,uncertain
0000471,struck_by_equipment,microsoft/Florence-2-base-ft:grounding_pipeline,florence_grounding_beam,compliant,violation,false,false,true,false,,,yes,uncertain
0000483,ppe_hard_hat,microsoft/Florence-2-base-ft:grounding_pipeline,florence_grounding_beam,compliant,violation,false,false,true,false,,,yes,uncertain
0000486,ppe_hard_hat,microsoft/Florence-2-base-ft:grounding_pipeline,florence_grounding_beam,compliant,compliant,true,false,true,false,,,yes,uncertain
0000487,guardrail_edge,microsoft/Florence-2-base-ft:grounding_pipeline,florence_grounding_beam,compliant,compliant,true,false,true,false,,,yes,uncertain
0000488,guardrail_edge,microsoft/Florence-2-base-ft:grounding_pipeline,florence_grounding_beam,compliant,compliant,true,false,true,false,,,yes,uncertain
0000489,guardrail_edge,microsoft/Florence-2-base-ft:grounding_pipeline,florence_grounding_beam,compliant,compliant,true,false,true,false,,,yes,uncertain
0000491,fall_harness,microsoft/Florence-2-base-ft:grounding_pipeline,florence_grounding_beam,compliant,compliant,true,false,true,false,,,yes,uncertain
0000492,fall_harness,microsoft/Florence-2-base-ft:grounding_pipeline,florence_grounding_beam,compliant,compliant,true,false,true,false,,,yes,uncertain
0000493,ppe_hard_hat,microsoft/Florence-2-base-ft:grounding_pipeline,florence_grounding_beam,compliant,violation,false,false,true,false,,,yes,uncertain
0000494,struck_by_equipment,microsoft/Florence-2-base-ft:grounding_pipeline,florence_grounding_beam,compliant,violation,false,false,true,false,,,no,uncertain
0000495,ppe_hard_hat,microsoft/Florence-2-base-ft:grounding_pipeline,florence_grounding_beam,compliant,violation,false,false,true,false,,,yes,uncertain
0000496,struck_by_equipment,microsoft/Florence-2-base-ft:grounding_pipeline,florence_grounding_beam,compliant,violation,false,false,true,false,,,yes,uncertain
0000497,ppe_hard_hat,microsoft/Florence-2-base-ft:grounding_pipeline,florence_grounding_beam,compliant,compliant,true,false,true,false,,,yes,uncertain
0000498,fall_harness,microsoft/Florence-2-base-ft:grounding_pipeline,florence_grounding_beam,compliant,violation,false,false,true,false,,,yes,uncertain
0000500,ppe_hard_hat,microsoft/Florence-2-base-ft:grounding_pipeline,florence_grounding_beam,compliant,violation,false,false,true,false,,,yes,uncertain
0000501,guardrail_edge,microsoft/Florence-2-base-ft:grounding_pipeline,florence_grounding_beam,compliant,compliant,true,false,true,false,,,yes,uncertain
0000503,struck_by_equipment,microsoft/Florence-2-base-ft:grounding_pipeline,florence_grounding_beam,compliant,violation,false,false,true,false,,,yes,uncertain
0000504,struck_by_equipment,microsoft/Florence-2-base-ft:grounding_pipeline,florence_grounding_beam,compliant,violation,false,false,true,false,,,no,uncertain
0000506,guardrail_edge,microsoft/Florence-2-base-ft:grounding_pipeline,florence_grounding_beam,compliant,compliant,true,false,true,false,,,yes,uncertain
0000508,struck_by_equipment,microsoft/Florence-2-base-ft:grounding_pipeline,florence_grounding_beam,compliant,violation,false,false,true,false,,,yes,uncertain
0000509,struck_by_equipment,microsoft/Florence-2-base-ft:grounding_pipeline,florence_grounding_beam,compliant,violation,false,false,true,false,,,yes,uncertain
0000510,fall_harness,microsoft/Florence-2-base-ft:grounding_pipeline,florence_grounding_beam,compliant,compliant,true,false,true,false,,,yes,uncertain
0000512,struck_by_equipment,microsoft/Florence-2-base-ft:grounding_pipeline,florence_grounding_beam,compliant,violation,false,false,true,false,,,yes,uncertain
0000514,guardrail_edge,microsoft/Florence-2-base-ft:grounding_pipeline,florence_grounding_beam,compliant,compliant,true,false,true,false,,,yes,uncertain
0000516,fall_harness,microsoft/Florence-2-base-ft:grounding_pipeline,florence_grounding_beam,compliant,violation,false,false,true,false,,,yes,uncertain
0000519,guardrail_edge,microsoft/Florence-2-base-ft:grounding_pipeline,florence_grounding_beam,compliant,compliant,true,false,true,false,,,yes,uncertain
0000523,ppe_hard_hat,microsoft/Florence-2-base-ft:grounding_pipeline,florence_grounding_beam,compliant,compliant,true,false,true,false,,,yes,uncertain
0000526,fall_harness,microsoft/Florence-2-base-ft:grounding_pipeline,florence_grounding_beam,compliant,compliant,true,false,true,false,,,yes,uncertain
0000527,struck_by_equipment,microsoft/Florence-2-base-ft:grounding_pipeline,florence_grounding_beam,compliant,compliant,true,false,true,false,,,yes,uncertain
0000530,guardrail_edge,microsoft/Florence-2-base-ft:grounding_pipeline,florence_grounding_beam,compliant,compliant,true,false,true,false,,,yes,uncertain
0000532,fall_harness,microsoft/Florence-2-base-ft:grounding_pipeline,florence_grounding_beam,compliant,violation,false,false,true,false,,,yes,uncertain
0000533,guardrail_edge,microsoft/Florence-2-base-ft:grounding_pipeline,florence_grounding_beam,compliant,compliant,true,false,true,false,,,yes,uncertain
0000534,guardrail_edge,microsoft/Florence-2-base-ft:grounding_pipeline,florence_grounding_beam,compliant,compliant,true,false,true,false,,,yes,uncertain
0000536,guardrail_edge,microsoft/Florence-2-base-ft:grounding_pipeline,florence_grounding_beam,compliant,compliant,true,false,true,false,,,yes,uncertain
0000537,fall_harness,microsoft/Florence-2-base-ft:grounding_pipeline,florence_grounding_beam,compliant,violation,false,false,true,false,,,yes,uncertain
0000539,struck_by_equipment,microsoft/Florence-2-base-ft:grounding_pipeline,florence_grounding_beam,compliant,violation,false,false,true,false,,,yes,uncertain
0000540,fall_harness,microsoft/Florence-2-base-ft:grounding_pipeline,florence_grounding_beam,compliant,compliant,true,false,true,false,,,yes,uncertain
0000541,struck_by_equipment,microsoft/Florence-2-base-ft:grounding_pipeline,florence_grounding_beam,compliant,violation,false,false,true,false,,,yes,uncertain
0000542,fall_harness,microsoft/Florence-2-base-ft:grounding_pipeline,florence_grounding_beam,compliant,violation,false,false,true,false,,,yes,uncertain
0000543,struck_by_equipment,microsoft/Florence-2-base-ft:grounding_pipeline,florence_grounding_beam,compliant,compliant,true,false,true,false,,,yes,uncertain
0000546,struck_by_equipment,microsoft/Florence-2-base-ft:grounding_pipeline,florence_grounding_beam,compliant,violation,false,false,true,false,,,yes,uncertain
0000547,struck_by_equipment,microsoft/Florence-2-base-ft:grounding_pipeline,florence_grounding_beam,compliant,violation,false,false,true,false,,,yes,uncertain
0000548,guardrail_edge,microsoft/Florence-2-base-ft:grounding_pipeline,florence_grounding_beam,compliant,compliant,true,false,true,false,,,yes,uncertain
0000551,guardrail_edge,microsoft/Florence-2-base-ft:grounding_pipeline,florence_grounding_beam,compliant,violation,false,false,false,false,,,yes,uncertain
0000553,ppe_hard_hat,microsoft/Florence-2-base-ft:grounding_pipeline,florence_grounding_beam,compliant,compliant,true,false,true,false,,,yes,uncertain
0000554,struck_by_equipment,microsoft/Florence-2-base-ft:grounding_pipeline,florence_grounding_beam,compliant,violation,false,false,true,false,,,yes,uncertain
0000555,ppe_hard_hat,microsoft/Florence-2-base-ft:grounding_pipeline,florence_grounding_beam,compliant,compliant,true,false,true,false,,,yes,uncertain
0000558,ppe_hard_hat,microsoft/Florence-2-base-ft:grounding_pipeline,florence_grounding_beam,compliant,compliant,true,false,true,false,,,yes,uncertain
0000559,fall_harness,microsoft/Florence-2-base-ft:grounding_pipeline,florence_grounding_beam,compliant,compliant,true,false,true,false,,,yes,uncertain
0000563,fall_harness,microsoft/Florence-2-base-ft:grounding_pipeline,florence_grounding_beam,compliant,compliant,true,false,true,false,,,yes,uncertain
0000566,struck_by_equipment,microsoft/Florence-2-base-ft:grounding_pipeline,florence_grounding_beam,compliant,violation,false,false,true,false,,,yes,uncertain
0000568,guardrail_edge,microsoft/Florence-2-base-ft:grounding_pipeline,florence_grounding_beam,compliant,compliant,true,false,true,false,,,yes,uncertain
0000020,guardrail_edge,microsoft/Florence-2-base-ft:grounding_pipeline,florence_grounding_beam,violation,compliant,false,false,true,true,0.1306032097399004,0.2245274049098585,no,yes
0000079,guardrail_edge,microsoft/Florence-2-base-ft:grounding_pipeline,florence_grounding_beam,violation,compliant,false,false,true,true,0.44546386218339756,0.06633417084898419,no,yes
0000117,guardrail_edge,microsoft/Florence-2-base-ft:grounding_pipeline,florence_grounding_beam,violation,compliant,false,false,true,true,0.3805269987024653,0.16221188400514927,no,yes
0000149,fall_harness,microsoft/Florence-2-base-ft:grounding_pipeline,florence_grounding_beam,violation,compliant,false,false,true,true,0.09547487256465585,0.005963248683776433,yes,yes
0000193,guardrail_edge,microsoft/Florence-2-base-ft:grounding_pipeline,florence_grounding_beam,violation,compliant,false,false,true,true,0.05626695544416286,0.2248211634956895,no,yes
0000203,guardrail_edge,microsoft/Florence-2-base-ft:grounding_pipeline,florence_grounding_beam,violation,violation,true,false,true,true,0.18626190101684878,0.09338094023943003,no,yes
0000232,guardrail_edge,microsoft/Florence-2-base-ft:grounding_pipeline,florence_grounding_beam,violation,compliant,false,false,true,true,0.20372992053155142,0.24539718372014332,no,yes
0000253,guardrail_edge,microsoft/Florence-2-base-ft:grounding_pipeline,florence_grounding_beam,violation,violation,true,false,false,true,,,no,yes
0000332,fall_harness,microsoft/Florence-2-base-ft:grounding_pipeline,florence_grounding_beam,violation,compliant,false,false,true,true,0.0685763888888889,0.019894164415169033,yes,yes
0000361,guardrail_edge,microsoft/Florence-2-base-ft:grounding_pipeline,florence_grounding_beam,violation,violation,true,false,false,true,,,yes,yes
0000370,guardrail_edge,microsoft/Florence-2-base-ft:grounding_pipeline,florence_grounding_beam,violation,compliant,false,false,true,true,0.14999959170452473,0.2939234860044362,no,yes
0000376,guardrail_edge,microsoft/Florence-2-base-ft:grounding_pipeline,florence_grounding_beam,violation,violation,true,false,true,true,0.2627297721024289,0.13615105989712717,yes,yes
0000421,guardrail_edge,microsoft/Florence-2-base-ft:grounding_pipeline,florence_grounding_beam,violation,violation,true,false,true,true,0.002378921647725963,0.37189390708238285,yes,yes
0000443,guardrail_edge,microsoft/Florence-2-base-ft:grounding_pipeline,florence_grounding_beam,violation,compliant,false,false,true,true,0.05281086018792863,0.3820785259603057,no,yes
0000468,guardrail_edge,microsoft/Florence-2-base-ft:grounding_pipeline,florence_grounding_beam,violation,compliant,false,false,true,true,0.0,0.4825364695486181,no,yes
0000478,guardrail_edge,microsoft/Florence-2-base-ft:grounding_pipeline,florence_grounding_beam,violation,compliant,false,false,true,true,0.0,0.420256006632994,no,yes
0000521,guardrail_edge,microsoft/Florence-2-base-ft:grounding_pipeline,florence_grounding_beam,violation,violation,true,false,true,true,0.15443892497770983,0.3237777055000134,yes,yes
0000550,guardrail_edge,microsoft/Florence-2-base-ft:grounding_pipeline,florence_grounding_beam,violation,violation,true,false,true,true,0.0,0.6486447409792204,yes,yes
0000606,guardrail_edge,microsoft/Florence-2-base-ft:grounding_pipeline,florence_grounding_beam,violation,compliant,false,false,true,true,0.0,0.3643552905856834,no,yes
0000626,guardrail_edge,microsoft/Florence-2-base-ft:grounding_pipeline,florence_grounding_beam,violation,violation,true,false,true,true,0.0,0.4739217000494678,no,yes
0000871,guardrail_edge,microsoft/Florence-2-base-ft:grounding_pipeline,florence_grounding_beam,violation,compliant,false,false,true,true,0.06354421633700118,0.35698567132484466,no,yes
0000874,fall_harness,microsoft/Florence-2-base-ft:grounding_pipeline,florence_grounding_beam,violation,compliant,false,false,true,true,0.02885968520643443,0.075428307642698,yes,yes
0000895,guardrail_edge,microsoft/Florence-2-base-ft:grounding_pipeline,florence_grounding_beam,violation,violation,true,false,true,true,0.07457106948692113,0.3319252157181519,yes,yes
0000925,fall_harness,microsoft/Florence-2-base-ft:grounding_pipeline,florence_grounding_beam,violation,compliant,false,false,true,true,0.05920138888888889,0.034334951418181575,no,yes
0000991,guardrail_edge,microsoft/Florence-2-base-ft:grounding_pipeline,florence_grounding_beam,violation,compliant,false,false,true,true,0.0,0.3306727149984474,yes,yes
0000993,fall_harness,microsoft/Florence-2-base-ft:grounding_pipeline,florence_grounding_beam,violation,violation,true,false,true,true,0.12266666666666666,0.005700877125495689,no,yes
0001065,fall_harness,microsoft/Florence-2-base-ft:grounding_pipeline,florence_grounding_beam,violation,compliant,false,false,true,true,0.03917050691244239,0.0127758452644912,yes,yes
0001071,guardrail_edge,microsoft/Florence-2-base-ft:grounding_pipeline,florence_grounding_beam,violation,violation,true,false,true,true,0.010935196294128993,0.25957672878168414,no,yes
0001081,guardrail_edge,microsoft/Florence-2-base-ft:grounding_pipeline,florence_grounding_beam,violation,compliant,false,false,true,true,0.6921810528070688,0.0489648399931579,no,yes
0001087,guardrail_edge,microsoft/Florence-2-base-ft:grounding_pipeline,florence_grounding_beam,violation,compliant,false,false,true,true,0.25440848449139347,0.28488223687848435,no,yes
0001136,guardrail_edge,microsoft/Florence-2-base-ft:grounding_pipeline,florence_grounding_beam,violation,violation,true,false,true,true,0.0,0.4904969135705364,yes,yes
0001194,guardrail_edge,microsoft/Florence-2-base-ft:grounding_pipeline,florence_grounding_beam,violation,violation,true,false,true,true,0.017305175394658177,0.34485294772635416,yes,yes
0001229,guardrail_edge,microsoft/Florence-2-base-ft:grounding_pipeline,florence_grounding_beam,violation,violation,true,false,false,true,,,yes,yes
0001252,guardrail_edge,microsoft/Florence-2-base-ft:grounding_pipeline,florence_grounding_beam,violation,compliant,false,false,true,true,0.0,0.5465251849437295,yes,yes
0001272,guardrail_edge,microsoft/Florence-2-base-ft:grounding_pipeline,florence_grounding_beam,violation,violation,true,false,true,true,0.31984464800611995,0.14755526271724623,no,yes
0001274,guardrail_edge,microsoft/Florence-2-base-ft:grounding_pipeline,florence_grounding_beam,violation,compliant,false,false,true,true,0.0,0.4067815032744852,yes,yes
0001392,fall_harness,microsoft/Florence-2-base-ft:grounding_pipeline,florence_grounding_beam,violation,compliant,false,false,true,true,0.05291005291005291,0.02282299035816492,no,yes
0001436,guardrail_edge,microsoft/Florence-2-base-ft:grounding_pipeline,florence_grounding_beam,violation,compliant,false,false,true,true,0.033383879209124216,0.37643267068036956,yes,yes
0001451,fall_harness,microsoft/Florence-2-base-ft:grounding_pipeline,florence_grounding_beam,violation,compliant,false,false,true,true,0.10418753756762172,0.054483786350059765,no,yes
0001473,guardrail_edge,microsoft/Florence-2-base-ft:grounding_pipeline,florence_grounding_beam,violation,compliant,false,false,true,true,0.11748625359901047,0.3399807184075133,no,yes
0001483,guardrail_edge,microsoft/Florence-2-base-ft:grounding_pipeline,florence_grounding_beam,violation,compliant,false,false,true,true,0.15263920927276234,0.2953713565687269,yes,yes
0001484,guardrail_edge,microsoft/Florence-2-base-ft:grounding_pipeline,florence_grounding_beam,violation,compliant,false,false,true,true,0.0,0.54210881292514,yes,yes
0001520,guardrail_edge,microsoft/Florence-2-base-ft:grounding_pipeline,florence_grounding_beam,violation,compliant,false,false,true,true,0.6071440126832109,0.10796347118869007,no,yes
0001530,fall_harness,microsoft/Florence-2-base-ft:grounding_pipeline,florence_grounding_beam,violation,violation,true,false,true,true,0.2297979797979798,0.02773886162848873,no,yes
0001597,guardrail_edge,microsoft/Florence-2-base-ft:grounding_pipeline,florence_grounding_beam,violation,compliant,false,false,true,true,0.32081428736576695,0.008717974903597343,yes,yes
0001623,guardrail_edge,microsoft/Florence-2-base-ft:grounding_pipeline,florence_grounding_beam,violation,compliant,false,false,true,true,0.7001566189017976,0.030814859330452176,no,yes
0001667,guardrail_edge,microsoft/Florence-2-base-ft:grounding_pipeline,florence_grounding_beam,violation,compliant,false,false,true,true,0.08964525407478427,0.31249142210449377,yes,yes
0001699,fall_harness,microsoft/Florence-2-base-ft:grounding_pipeline,florence_grounding_beam,violation,compliant,false,false,true,true,0.19025157232704404,0.013585763262548059,yes,yes
0001716,guardrail_edge,microsoft/Florence-2-base-ft:grounding_pipeline,florence_grounding_beam,violation,compliant,false,false,true,true,0.3217575334888531,0.1667579177280647,no,yes
0001798,guardrail_edge,microsoft/Florence-2-base-ft:grounding_pipeline,florence_grounding_beam,violation,compliant,false,false,true,true,0.0,0.3646536987334696,yes,yes
0001900,fall_harness,microsoft/Florence-2-base-ft:grounding_pipeline,florence_grounding_beam,violation,compliant,false,false,true,true,0.04944381162082177,0.05996105116224595,no,yes
0001981,guardrail_edge,microsoft/Florence-2-base-ft:grounding_pipeline,florence_grounding_beam,violation,violation,true,false,true,true,0.3796095444685466,0.1545810871355225,no,yes
0001989,guardrail_edge,microsoft/Florence-2-base-ft:grounding_pipeline,florence_grounding_beam,violation,compliant,false,false,true,true,0.3220709073148308,0.20899545823414442,yes,yes
0002066,guardrail_edge,microsoft/Florence-2-base-ft:grounding_pipeline,florence_grounding_beam,violation,compliant,false,false,true,true,0.04672798764218509,0.3609633054608187,yes,yes
0002092,fall_harness,microsoft/Florence-2-base-ft:grounding_pipeline,florence_grounding_beam,violation,compliant,false,false,true,true,0.26080246913580246,0.013283239230114183,no,yes
0002150,guardrail_edge,microsoft/Florence-2-base-ft:grounding_pipeline,florence_grounding_beam,violation,compliant,false,false,true,true,0.3620028027713384,0.11673956056110542,no,yes
0002158,fall_harness,microsoft/Florence-2-base-ft:grounding_pipeline,florence_grounding_beam,violation,violation,true,false,true,true,0.011631566206729605,0.1615607900726191,yes,yes
0002178,guardrail_edge,microsoft/Florence-2-base-ft:grounding_pipeline,florence_grounding_beam,violation,compliant,false,false,true,true,0.23390911856989755,0.19369580895375615,no,yes
0002361,guardrail_edge,microsoft/Florence-2-base-ft:grounding_pipeline,florence_grounding_beam,violation,violation,true,false,true,true,0.3491378327646348,0.04610057931502065,yes,yes
0002367,fall_harness,microsoft/Florence-2-base-ft:grounding_pipeline,florence_grounding_beam,violation,compliant,false,false,true,true,0.0,0.16398001233212675,yes,yes
0002534,guardrail_edge,microsoft/Florence-2-base-ft:grounding_pipeline,florence_grounding_beam,violation,violation,true,false,true,true,0.0,0.35685353360229527,no,yes
0002595,guardrail_edge,microsoft/Florence-2-base-ft:grounding_pipeline,florence_grounding_beam,violation,compliant,false,false,true,true,0.5959438412596386,0.07560790669999769,yes,yes
0002709,guardrail_edge,microsoft/Florence-2-base-ft:grounding_pipeline,florence_grounding_beam,violation,compliant,false,false,true,true,0.0,0.41200053937397274,yes,yes
0002815,fall_harness,microsoft/Florence-2-base-ft:grounding_pipeline,florence_grounding_beam,violation,violation,true,false,true,true,0.28351995406258973,0.00852103425009887,yes,yes
0002925,guardrail_edge,microsoft/Florence-2-base-ft:grounding_pipeline,florence_grounding_beam,violation,violation,true,false,true,true,0.0,0.4254153525934651,no,yes
0003479,fall_harness,microsoft/Florence-2-base-ft:grounding_pipeline,florence_grounding_beam,violation,compliant,false,false,true,true,0.32941176470588235,0.018363656246919567,yes,yes
0003583,guardrail_edge,microsoft/Florence-2-base-ft:grounding_pipeline,florence_grounding_beam,violation,violation,true,false,true,true,0.11348486543216633,0.22747942519904715,no,yes
0003613,guardrail_edge,microsoft/Florence-2-base-ft:grounding_pipeline,florence_grounding_beam,violation,compliant,false,false,true,true,0.2926673053722234,0.06375689300969739,no,yes
0003632,fall_harness,microsoft/Florence-2-base-ft:grounding_pipeline,florence_grounding_beam,violation,compliant,false,false,true,true,0.4934704084467908,0.0023837631353564974,no,yes
0004032,guardrail_edge,microsoft/Florence-2-base-ft:grounding_pipeline,florence_grounding_beam,violation,violation,true,false,true,true,0.06415000744084529,0.2791594526431086,no,yes
0004111,guardrail_edge,microsoft/Florence-2-base-ft:grounding_pipeline,florence_grounding_beam,violation,compliant,false,false,true,true,0.16244030244140395,0.21779003650305034,no,yes
0004113,fall_harness,microsoft/Florence-2-base-ft:grounding_pipeline,florence_grounding_beam,violation,compliant,false,false,true,true,0.0875,0.03999399954993249,yes,yes
0004492,fall_harness,microsoft/Florence-2-base-ft:grounding_pipeline,florence_grounding_beam,violation,compliant,false,false,true,true,0.014025014628437683,0.30501675728100947,no,yes
0004552,guardrail_edge,microsoft/Florence-2-base-ft:grounding_pipeline,florence_grounding_beam,violation,compliant,false,false,true,true,0.1731427530954115,0.08689083084726522,no,yes
0004831,fall_harness,microsoft/Florence-2-base-ft:grounding_pipeline,florence_grounding_beam,violation,compliant,false,false,true,true,0.07098765432098765,0.051095770644719485,no,yes
0000005,ppe_hard_hat,microsoft/Florence-2-base-ft:grounding_pipeline,florence_grounding_beam,violation,compliant,false,false,true,true,0.045454545454545456,0.021050204538462593,no,yes
0000007,ppe_hard_hat,microsoft/Florence-2-base-ft:grounding_pipeline,florence_grounding_beam,violation,compliant,false,false,true,true,0.025460964219686303,0.10611006553716185,yes,yes
0000009,ppe_hard_hat,microsoft/Florence-2-base-ft:grounding_pipeline,florence_grounding_beam,violation,compliant,false,false,true,true,0.00996798517701969,0.08418787119443037,yes,yes
0000019,ppe_hard_hat,microsoft/Florence-2-base-ft:grounding_pipeline,florence_grounding_beam,violation,violation,true,false,true,true,0.0509700176366843,0.06235739286118724,yes,yes
0000039,ppe_hard_hat,microsoft/Florence-2-base-ft:grounding_pipeline,florence_grounding_beam,violation,violation,true,false,true,true,0.04261363636363636,0.018698647626952145,no,yes
0000046,ppe_hard_hat,microsoft/Florence-2-base-ft:grounding_pipeline,florence_grounding_beam,violation,compliant,false,false,true,true,0.01745014245014245,0.05760111881629461,no,yes
0000059,ppe_hard_hat,microsoft/Florence-2-base-ft:grounding_pipeline,florence_grounding_beam,violation,compliant,false,false,true,true,0.0,0.10196752921474639,no,yes
0000068,ppe_hard_hat,microsoft/Florence-2-base-ft:grounding_pipeline,florence_grounding_beam,violation,compliant,false,false,true,true,0.0,0.05934550436965624,no,yes
0000072,ppe_hard_hat,microsoft/Florence-2-base-ft:grounding_pipeline,florence_grounding_beam,violation,compliant,false,false,true,true,0.07777777777777778,0.02101057934575923,no,yes
0000095,ppe_hard_hat,microsoft/Florence-2-base-ft:grounding_pipeline,florence_grounding_beam,violation,compliant,false,false,true,true,0.08553719008264463,0.02970122682720721,no,yes
0000102,ppe_hard_hat,microsoft/Florence-2-base-ft:grounding_pipeline,florence_grounding_beam,violation,compliant,false,false,true,true,0.04271384479717813,0.05450586105079791,no,yes
0000116,ppe_hard_hat,microsoft/Florence-2-base-ft:grounding_pipeline,florence_grounding_beam,violation,compliant,false,false,true,true,0.009869288042896433,0.23378212774280485,no,yes
0000118,ppe_hard_hat,microsoft/Florence-2-base-ft:grounding_pipeline,florence_grounding_beam,violation,compliant,false,false,true,true,0.03979276895943563,0.03368151487751767,no,yes
0000132,ppe_hard_hat,microsoft/Florence-2-base-ft:grounding_pipeline,florence_grounding_beam,violation,violation,true,false,true,true,0.0,0.31423009969695065,no,yes
0000135,ppe_hard_hat,microsoft/Florence-2-base-ft:grounding_pipeline,florence_grounding_beam,violation,compliant,false,false,true,true,0.043209876543209874,0.026537185649993522,yes,yes
0000161,ppe_hard_hat,microsoft/Florence-2-base-ft:grounding_pipeline,florence_grounding_beam,violation,violation,true,false,true,true,0.07936507936507936,0.012970050972229146,yes,yes
0000163,ppe_hard_hat,microsoft/Florence-2-base-ft:grounding_pipeline,florence_grounding_beam,violation,compliant,false,false,true,true,0.0726010101010101,0.020061296927195063,yes,yes
0000167,ppe_hard_hat,microsoft/Florence-2-base-ft:grounding_pipeline,florence_grounding_beam,violation,compliant,false,false,true,false,,,no,yes
0000229,ppe_hard_hat,microsoft/Florence-2-base-ft:grounding_pipeline,florence_grounding_beam,violation,compliant,false,false,true,true,0.018628095551172473,0.04648970262025505,no,yes
0000233,ppe_hard_hat,microsoft/Florence-2-base-ft:grounding_pipeline,florence_grounding_beam,violation,violation,true,false,true,true,0.0,0.4346345847056148,no,yes
0000328,ppe_hard_hat,microsoft/Florence-2-base-ft:grounding_pipeline,florence_grounding_beam,violation,compliant,false,false,true,true,0.0,0.32052403139988433,no,yes
0000369,ppe_hard_hat,microsoft/Florence-2-base-ft:grounding_pipeline,florence_grounding_beam,violation,violation,true,false,true,true,0.0,0.45835252386434233,yes,yes
0000386,ppe_hard_hat,microsoft/Florence-2-base-ft:grounding_pipeline,florence_grounding_beam,violation,compliant,false,false,true,true,0.03335611756664388,0.1065837957013146,no,yes
0000398,ppe_hard_hat,microsoft/Florence-2-base-ft:grounding_pipeline,florence_grounding_beam,violation,compliant,false,false,true,true,0.017896047307812014,0.01622070008079525,no,yes
0000424,ppe_hard_hat,microsoft/Florence-2-base-ft:grounding_pipeline,florence_grounding_beam,violation,compliant,false,false,true,true,0.011725293132328308,0.04447221354708778,no,yes
0000437,ppe_hard_hat,microsoft/Florence-2-base-ft:grounding_pipeline,florence_grounding_beam,violation,compliant,false,false,true,true,0.02046783625730994,0.032540572964975416,yes,yes
0000469,ppe_hard_hat,microsoft/Florence-2-base-ft:grounding_pipeline,florence_grounding_beam,violation,compliant,false,false,true,true,0.11887254901960784,0.04069671021375342,yes,yes
0000480,ppe_hard_hat,microsoft/Florence-2-base-ft:grounding_pipeline,florence_grounding_beam,violation,compliant,false,false,true,true,0.015047281323877068,0.11718266841891671,yes,yes
0000502,ppe_hard_hat,microsoft/Florence-2-base-ft:grounding_pipeline,florence_grounding_beam,violation,compliant,false,false,true,true,0.03787878787878788,0.097748474462821,yes,yes
0000505,ppe_hard_hat,microsoft/Florence-2-base-ft:grounding_pipeline,florence_grounding_beam,violation,compliant,false,false,true,true,0.0,0.056416112749619475,yes,yes
0000507,ppe_hard_hat,microsoft/Florence-2-base-ft:grounding_pipeline,florence_grounding_beam,violation,compliant,false,false,true,true,0.012551841146160612,0.2288395925951941,yes,yes
0000513,ppe_hard_hat,microsoft/Florence-2-base-ft:grounding_pipeline,florence_grounding_beam,violation,compliant,false,false,true,true,0.057789855072463765,0.02048484577071548,yes,yes
0000531,ppe_hard_hat,microsoft/Florence-2-base-ft:grounding_pipeline,florence_grounding_beam,violation,violation,true,false,true,true,0.03935185185185185,0.05918426968188234,yes,yes
0000545,ppe_hard_hat,microsoft/Florence-2-base-ft:grounding_pipeline,florence_grounding_beam,violation,compliant,false,false,true,true,0.0,0.5233910796165925,no,yes
0000564,ppe_hard_hat,microsoft/Florence-2-base-ft:grounding_pipeline,florence_grounding_beam,violation,compliant,false,false,true,true,0.0,0.09381364506296512,no,yes
0000571,ppe_hard_hat,microsoft/Florence-2-base-ft:grounding_pipeline,florence_grounding_beam,violation,violation,true,false,false,true,,,yes,yes
0000599,ppe_hard_hat,microsoft/Florence-2-base-ft:grounding_pipeline,florence_grounding_beam,violation,compliant,false,false,true,true,0.024499128919860627,0.03891908538364563,no,yes
0000623,ppe_hard_hat,microsoft/Florence-2-base-ft:grounding_pipeline,florence_grounding_beam,violation,compliant,false,false,true,true,0.012067240472556088,0.13928177936291594,no,yes
0000641,ppe_hard_hat,microsoft/Florence-2-base-ft:grounding_pipeline,florence_grounding_beam,violation,violation,true,false,true,true,0.0357653791130186,0.14061238586865982,yes,yes
0000645,ppe_hard_hat,microsoft/Florence-2-base-ft:grounding_pipeline,florence_grounding_beam,violation,compliant,false,false,true,true,0.01443001443001443,0.03913118960624632,no,yes
0000651,ppe_hard_hat,microsoft/Florence-2-base-ft:grounding_pipeline,florence_grounding_beam,violation,compliant,false,false,true,true,0.0,0.370135110466435,no,yes
0000675,ppe_hard_hat,microsoft/Florence-2-base-ft:grounding_pipeline,florence_grounding_beam,violation,compliant,false,false,true,true,0.01977366255144033,0.06500769185258003,yes,yes
0000704,ppe_hard_hat,microsoft/Florence-2-base-ft:grounding_pipeline,florence_grounding_beam,violation,compliant,false,false,true,true,0.024928092042186004,0.03657718722099883,yes,yes
0000729,ppe_hard_hat,microsoft/Florence-2-base-ft:grounding_pipeline,florence_grounding_beam,violation,compliant,false,false,true,true,0.0,0.22970615843266484,no,yes
0000737,ppe_hard_hat,microsoft/Florence-2-base-ft:grounding_pipeline,florence_grounding_beam,violation,compliant,false,false,true,true,0.0,0.18275346268949325,yes,yes
0000762,ppe_hard_hat,microsoft/Florence-2-base-ft:grounding_pipeline,florence_grounding_beam,violation,violation,true,false,true,true,0.012830195987295685,0.11153220568389564,yes,yes
0000766,ppe_hard_hat,microsoft/Florence-2-base-ft:grounding_pipeline,florence_grounding_beam,violation,compliant,false,false,true,true,0.054455445544554455,0.008477973244414235,yes,yes
0000786,ppe_hard_hat,microsoft/Florence-2-base-ft:grounding_pipeline,florence_grounding_beam,violation,compliant,false,false,true,true,0.023853211009174313,0.11128507773777842,yes,yes
0000795,ppe_hard_hat,microsoft/Florence-2-base-ft:grounding_pipeline,florence_grounding_beam,violation,compliant,false,false,true,true,0.01886347559537845,0.19550673040932515,no,yes
0000812,ppe_hard_hat,microsoft/Florence-2-base-ft:grounding_pipeline,florence_grounding_beam,violation,compliant,false,false,true,true,0.04231526212202541,0.025385910352879695,yes,yes
0000833,ppe_hard_hat,microsoft/Florence-2-base-ft:grounding_pipeline,florence_grounding_beam,violation,compliant,false,false,true,true,0.063720703125,0.018637482910274374,no,yes
0000841,ppe_hard_hat,microsoft/Florence-2-base-ft:grounding_pipeline,florence_grounding_beam,violation,compliant,false,false,true,true,0.017266968325791856,0.11058681858361079,yes,yes
0000842,ppe_hard_hat,microsoft/Florence-2-base-ft:grounding_pipeline,florence_grounding_beam,violation,compliant,false,false,true,true,0.035416666666666666,0.036070510542120564,no,yes
0000863,ppe_hard_hat,microsoft/Florence-2-base-ft:grounding_pipeline,florence_grounding_beam,violation,compliant,false,false,true,true,0.10766237251744498,0.062245061984948294,yes,yes
0000877,ppe_hard_hat,microsoft/Florence-2-base-ft:grounding_pipeline,florence_grounding_beam,violation,compliant,false,false,true,true,0.012566137566137565,0.03801315561749642,yes,yes
0000901,ppe_hard_hat,microsoft/Florence-2-base-ft:grounding_pipeline,florence_grounding_beam,violation,compliant,false,false,true,true,0.030525030525030524,0.025412158070061225,no,yes
0000912,ppe_hard_hat,microsoft/Florence-2-base-ft:grounding_pipeline,florence_grounding_beam,violation,violation,true,false,true,true,0.0,0.24480241554414855,no,yes
0000937,ppe_hard_hat,microsoft/Florence-2-base-ft:grounding_pipeline,florence_grounding_beam,violation,violation,true,false,true,true,0.01098901098901099,0.04156204814676301,no,yes
0000948,ppe_hard_hat,microsoft/Florence-2-base-ft:grounding_pipeline,florence_grounding_beam,violation,compliant,false,false,true,true,0.0,0.09458975749108474,yes,yes
0000951,ppe_hard_hat,microsoft/Florence-2-base-ft:grounding_pipeline,florence_grounding_beam,violation,compliant,false,false,true,true,0.014957264957264958,0.03833912999650473,yes,yes
0000956,ppe_hard_hat,microsoft/Florence-2-base-ft:grounding_pipeline,florence_grounding_beam,violation,compliant,false,false,true,true,0.04083333333333333,0.10139307449503421,yes,yes
0000972,ppe_hard_hat,microsoft/Florence-2-base-ft:grounding_pipeline,florence_grounding_beam,violation,violation,true,false,true,true,0.0,0.21014964915795914,no,yes
0000987,ppe_hard_hat,microsoft/Florence-2-base-ft:grounding_pipeline,florence_grounding_beam,violation,compliant,false,false,true,true,0.016493055555555556,0.024388066298453793,no,yes
0001034,ppe_hard_hat,microsoft/Florence-2-base-ft:grounding_pipeline,florence_grounding_beam,violation,compliant,false,false,true,true,0.005840634125990822,0.02276075341235894,yes,yes
0001054,ppe_hard_hat,microsoft/Florence-2-base-ft:grounding_pipeline,florence_grounding_beam,violation,violation,true,false,true,true,0.04812971859986273,0.22823039041966148,yes,yes
0001055,ppe_hard_hat,microsoft/Florence-2-base-ft:grounding_pipeline,florence_grounding_beam,violation,violation,true,false,true,true,0.026234567901234566,0.042366129028846726,no,yes
0001077,ppe_hard_hat,microsoft/Florence-2-base-ft:grounding_pipeline,florence_grounding_beam,violation,compliant,false,false,true,true,0.011937557392102846,0.013597385369580758,no,yes
0001079,ppe_hard_hat,microsoft/Florence-2-base-ft:grounding_pipeline,florence_grounding_beam,violation,compliant,false,false,true,true,0.0245685351590358,0.08021152591048801,yes,yes
0001090,ppe_hard_hat,microsoft/Florence-2-base-ft:grounding_pipeline,florence_grounding_beam,violation,compliant,false,false,true,true,0.02276900128822293,0.1264479130196748,yes,yes
0001096,ppe_hard_hat,microsoft/Florence-2-base-ft:grounding_pipeline,florence_grounding_beam,violation,compliant,false,false,true,true,0.02926829268292683,0.00980772176654701,yes,yes
0001104,ppe_hard_hat,microsoft/Florence-2-base-ft:grounding_pipeline,florence_grounding_beam,violation,compliant,false,false,true,true,0.0011854994696449742,0.06137344407252034,yes,yes
0001116,ppe_hard_hat,microsoft/Florence-2-base-ft:grounding_pipeline,florence_grounding_beam,violation,compliant,false,false,true,true,0.06547619047619048,0.009878924136945676,yes,yes
0001117,ppe_hard_hat,microsoft/Florence-2-base-ft:grounding_pipeline,florence_grounding_beam,violation,compliant,false,false,true,true,0.043154761904761904,0.02477678124553084,yes,yes
0001120,ppe_hard_hat,microsoft/Florence-2-base-ft:grounding_pipeline,florence_grounding_beam,violation,compliant,false,false,true,true,0.05650823656494734,0.04956629527161703,no,yes
0001129,ppe_hard_hat,microsoft/Florence-2-base-ft:grounding_pipeline,florence_grounding_beam,violation,compliant,false,false,true,true,0.07916614088535563,0.12526248076305235,yes,yes
0001135,ppe_hard_hat,microsoft/Florence-2-base-ft:grounding_pipeline,florence_grounding_beam,violation,compliant,false,false,true,true,0.03571428571428571,0.019413626371414715,no,yes
0001141,ppe_hard_hat,microsoft/Florence-2-base-ft:grounding_pipeline,florence_grounding_beam,violation,compliant,false,false,true,true,0.04054433221099888,0.0193362066830309,no,yes
0001151,ppe_hard_hat,microsoft/Florence-2-base-ft:grounding_pipeline,florence_grounding_beam,violation,compliant,false,false,true,true,0.03751803751803752,0.029255816135903265,yes,yes
0001153,ppe_hard_hat,microsoft/Florence-2-base-ft:grounding_pipeline,florence_grounding_beam,violation,compliant,false,false,true,true,0.02546296296296296,0.01740051084818425,no,yes
0001162,ppe_hard_hat,microsoft/Florence-2-base-ft:grounding_pipeline,florence_grounding_beam,violation,compliant,false,false,true,true,0.0,0.048083261120685235,yes,yes
0001164,ppe_hard_hat,microsoft/Florence-2-base-ft:grounding_pipeline,florence_grounding_beam,violation,compliant,false,false,true,true,0.04404761904761905,0.06842432965611639,yes,yes
0001199,ppe_hard_hat,microsoft/Florence-2-base-ft:grounding_pipeline,florence_grounding_beam,violation,compliant,false,false,true,true,0.0,0.1602265756844212,yes,yes
0001208,ppe_hard_hat,microsoft/Florence-2-base-ft:grounding_pipeline,florence_grounding_beam,violation,compliant,false,false,true,true,0.06539428097399112,0.14580085352592723,yes,yes
0001237,ppe_hard_hat,microsoft/Florence-2-base-ft:grounding_pipeline,florence_grounding_beam,violation,compliant,false,false,true,true,0.0,0.20548770112223264,no,yes
0001264,ppe_hard_hat,microsoft/Florence-2-base-ft:grounding_pipeline,florence_grounding_beam,violation,compliant,false,false,true,true,0.009377791009228937,0.1953835829270594,yes,yes
0001275,ppe_hard_hat,microsoft/Florence-2-base-ft:grounding_pipeline,florence_grounding_beam,violation,violation,true,false,true,true,0.0,0.27034997893676843,yes,yes
0001281,ppe_hard_hat,microsoft/Florence-2-base-ft:grounding_pipeline,florence_grounding_beam,violation,violation,true,false,true,true,0.0,0.4797525403788916,yes,yes
0001285,ppe_hard_hat,microsoft/Florence-2-base-ft:grounding_pipeline,florence_grounding_beam,violation,violation,true,false,true,true,0.0,0.6836796683307825,yes,yes
0001294,ppe_hard_hat,microsoft/Florence-2-base-ft:grounding_pipeline,florence_grounding_beam,violation,violation,true,false,true,true,0.0,0.22572992712531498,no,yes
0001305,ppe_hard_hat,microsoft/Florence-2-base-ft:grounding_pipeline,florence_grounding_beam,violation,compliant,false,false,true,true,0.059234144395692065,0.041913324961870536,yes,yes
0001306,ppe_hard_hat,microsoft/Florence-2-base-ft:grounding_pipeline,florence_grounding_beam,violation,compliant,false,false,true,true,0.010101010101010102,0.02063707558955214,yes,yes
0001343,ppe_hard_hat,microsoft/Florence-2-base-ft:grounding_pipeline,florence_grounding_beam,violation,compliant,false,false,true,true,0.039630836047774155,0.16765413850021715,yes,yes
0001353,ppe_hard_hat,microsoft/Florence-2-base-ft:grounding_pipeline,florence_grounding_beam,violation,compliant,false,false,true,true,0.10285714285714286,0.02631501472543764,yes,yes
0001360,ppe_hard_hat,microsoft/Florence-2-base-ft:grounding_pipeline,florence_grounding_beam,violation,violation,true,false,true,true,0.0,0.2567647269388847,yes,yes
0001369,ppe_hard_hat,microsoft/Florence-2-base-ft:grounding_pipeline,florence_grounding_beam,violation,violation,true,false,true,true,0.10579427083333333,0.03648763703297324,yes,yes
0001372,ppe_hard_hat,microsoft/Florence-2-base-ft:grounding_pipeline,florence_grounding_beam,violation,violation,true,false,true,true,0.15637860082304528,0.010226579154347356,yes,yes
0001391,ppe_hard_hat,microsoft/Florence-2-base-ft:grounding_pipeline,florence_grounding_beam,violation,compliant,false,false,true,true,0.026984126984126985,0.042196629670573874,yes,yes
0001396,ppe_hard_hat,microsoft/Florence-2-base-ft:grounding_pipeline,florence_grounding_beam,violation,compliant,false,false,true,true,0.02619485294117647,0.03191221432425088,no,yes
0001420,ppe_hard_hat,microsoft/Florence-2-base-ft:grounding_pipeline,florence_grounding_beam,violation,compliant,false,false,true,true,0.0147119341563786,0.02401157128460267,yes,yes
0001428,ppe_hard_hat,microsoft/Florence-2-base-ft:grounding_pipeline,florence_grounding_beam,violation,compliant,false,false,true,true,0.13550669472930008,0.07168604389202189,yes,yes
0001431,ppe_hard_hat,microsoft/Florence-2-base-ft:grounding_pipeline,florence_grounding_beam,violation,violation,true,false,true,true,0.0,0.12214553307427987,yes,yes
0001432,ppe_hard_hat,microsoft/Florence-2-base-ft:grounding_pipeline,florence_grounding_beam,violation,violation,true,false,true,true,0.01763668430335097,0.02496219363579874,no,yes
0001444,ppe_hard_hat,microsoft/Florence-2-base-ft:grounding_pipeline,florence_grounding_beam,violation,compliant,false,false,true,true,0.016472078921169336,0.020868590311227012,yes,yes
0001453,ppe_hard_hat,microsoft/Florence-2-base-ft:grounding_pipeline,florence_grounding_beam,violation,compliant,false,false,true,true,0.12374245472837023,0.026450658267474617,yes,yes
0001460,ppe_hard_hat,microsoft/Florence-2-base-ft:grounding_pipeline,florence_grounding_beam,violation,compliant,false,false,true,true,0.03454624214858133,0.032472210341220144,no,yes
0001470,ppe_hard_hat,microsoft/Florence-2-base-ft:grounding_pipeline,florence_grounding_beam,violation,compliant,false,false,true,true,0.0,0.04144742318756244,no,yes
0001493,ppe_hard_hat,microsoft/Florence-2-base-ft:grounding_pipeline,florence_grounding_beam,violation,compliant,false,false,true,true,0.033950617283950615,0.025744470819532836,yes,yes
0001500,ppe_hard_hat,microsoft/Florence-2-base-ft:grounding_pipeline,florence_grounding_beam,violation,compliant,false,false,true,true,0.0,0.32625978061116334,no,yes
0001509,ppe_hard_hat,microsoft/Florence-2-base-ft:grounding_pipeline,florence_grounding_beam,violation,compliant,false,false,true,true,0.02356902356902357,0.01759103306927835,yes,yes
0001531,ppe_hard_hat,microsoft/Florence-2-base-ft:grounding_pipeline,florence_grounding_beam,violation,compliant,false,false,true,true,0.04407407407407407,0.11598386501770169,yes,yes
0001536,ppe_hard_hat,microsoft/Florence-2-base-ft:grounding_pipeline,florence_grounding_beam,violation,compliant,false,false,true,true,0.015513297111810122,0.08972233643998578,yes,yes
0001544,ppe_hard_hat,microsoft/Florence-2-base-ft:grounding_pipeline,florence_grounding_beam,violation,compliant,false,false,true,true,0.06598033988214867,0.14895487758229187,yes,yes
0001545,ppe_hard_hat,microsoft/Florence-2-base-ft:grounding_pipeline,florence_grounding_beam,violation,compliant,false,false,true,true,0.025,0.013591746647251667,no,yes
0001554,ppe_hard_hat,microsoft/Florence-2-base-ft:grounding_pipeline,florence_grounding_beam,violation,compliant,false,false,true,true,0.023101384212495323,0.018333333333333333,yes,yes
0001558,ppe_hard_hat,microsoft/Florence-2-base-ft:grounding_pipeline,florence_grounding_beam,violation,compliant,false,false,true,true,0.09116279069767441,0.027389364770356108,yes,yes
0001587,ppe_hard_hat,microsoft/Florence-2-base-ft:grounding_pipeline,florence_grounding_beam,violation,compliant,false,false,true,true,0.02949588477366255,0.10157482190210546,no,yes
0001598,ppe_hard_hat,microsoft/Florence-2-base-ft:grounding_pipeline,florence_grounding_beam,violation,compliant,false,false,true,true,0.045188729399255716,0.03622307429127339,yes,yes
0001639,ppe_hard_hat,microsoft/Florence-2-base-ft:grounding_pipeline,florence_grounding_beam,violation,compliant,false,false,true,true,0.020041686708353375,0.06339470710468571,yes,yes
0001654,ppe_hard_hat,microsoft/Florence-2-base-ft:grounding_pipeline,florence_grounding_beam,violation,violation,true,false,true,true,0.026954506647152092,0.038331505568604415,no,yes
0001658,ppe_hard_hat,microsoft/Florence-2-base-ft:grounding_pipeline,florence_grounding_beam,violation,violation,true,false,true,true,0.0,0.6381175440308784,no,yes
0001661,ppe_hard_hat,microsoft/Florence-2-base-ft:grounding_pipeline,florence_grounding_beam,violation,violation,true,false,true,true,0.012357723577235772,0.04470267511679425,yes,yes
0001671,ppe_hard_hat,microsoft/Florence-2-base-ft:grounding_pipeline,florence_grounding_beam,violation,compliant,false,false,true,true,0.0,0.2972218026996001,yes,yes
0001675,ppe_hard_hat,microsoft/Florence-2-base-ft:grounding_pipeline,florence_grounding_beam,violation,compliant,false,false,true,true,0.048206937095825984,0.056063456111009706,yes,yes
0001705,ppe_hard_hat,microsoft/Florence-2-base-ft:grounding_pipeline,florence_grounding_beam,violation,compliant,false,false,true,true,0.0,0.42734906367303793,yes,yes
0001706,ppe_hard_hat,microsoft/Florence-2-base-ft:grounding_pipeline,florence_grounding_beam,violation,compliant,false,false,true,true,0.08748079877112135,0.07319652736885278,yes,yes
0001743,ppe_hard_hat,microsoft/Florence-2-base-ft:grounding_pipeline,florence_grounding_beam,violation,compliant,false,false,true,true,0.08199404761904762,0.0218950800695042,yes,yes
0001746,ppe_hard_hat,microsoft/Florence-2-base-ft:grounding_pipeline,florence_grounding_beam,violation,violation,true,false,true,true,0.0,0.42844479388393786,yes,yes
0001763,ppe_hard_hat,microsoft/Florence-2-base-ft:grounding_pipeline,florence_grounding_beam,violation,compliant,false,false,true,true,0.05232007575757576,0.015788566944274777,no,yes
0001775,ppe_hard_hat,microsoft/Florence-2-base-ft:grounding_pipeline,florence_grounding_beam,violation,compliant,false,false,true,true,0.0,0.04359026394862861,no,yes
0001789,ppe_hard_hat,microsoft/Florence-2-base-ft:grounding_pipeline,florence_grounding_beam,violation,compliant,false,false,true,true,0.03860601001669449,0.07321581492789352,yes,yes
0001799,ppe_hard_hat,microsoft/Florence-2-base-ft:grounding_pipeline,florence_grounding_beam,violation,violation,true,false,true,true,0.0,0.3010388912790173,no,yes
0001804,ppe_hard_hat,microsoft/Florence-2-base-ft:grounding_pipeline,florence_grounding_beam,violation,compliant,false,false,true,true,0.03827238404038865,0.11870387361265608,yes,yes
0001812,ppe_hard_hat,microsoft/Florence-2-base-ft:grounding_pipeline,florence_grounding_beam,violation,compliant,false,false,true,true,0.0,0.5424994967034606,yes,yes
0001818,ppe_hard_hat,microsoft/Florence-2-base-ft:grounding_pipeline,florence_grounding_beam,violation,violation,true,false,true,true,0.0,0.3830828166916972,no,yes
0001842,ppe_hard_hat,microsoft/Florence-2-base-ft:grounding_pipeline,florence_grounding_beam,violation,violation,true,false,true,true,0.0,0.13580418910246392,no,yes
0001854,ppe_hard_hat,microsoft/Florence-2-base-ft:grounding_pipeline,florence_grounding_beam,violation,violation,true,false,true,true,0.09346064814814815,0.0489954646427152,yes,yes
0001873,ppe_hard_hat,microsoft/Florence-2-base-ft:grounding_pipeline,florence_grounding_beam,violation,compliant,false,false,true,true,0.0,0.3262173781051184,yes,yes
0001892,ppe_hard_hat,microsoft/Florence-2-base-ft:grounding_pipeline,florence_grounding_beam,violation,compliant,false,false,true,true,0.0,0.0650369801934142,no,yes
0001915,ppe_hard_hat,microsoft/Florence-2-base-ft:grounding_pipeline,florence_grounding_beam,violation,compliant,false,false,true,true,0.0664112605516636,0.11924403811092611,yes,yes
0001918,ppe_hard_hat,microsoft/Florence-2-base-ft:grounding_pipeline,florence_grounding_beam,violation,violation,true,false,true,true,0.20679012345679013,0.03809345233909774,yes,yes
0001924,ppe_hard_hat,microsoft/Florence-2-base-ft:grounding_pipeline,florence_grounding_beam,violation,compliant,false,false,true,true,0.060090702947845805,0.22065684771709315,yes,yes
0001955,ppe_hard_hat,microsoft/Florence-2-base-ft:grounding_pipeline,florence_grounding_beam,violation,compliant,false,false,true,true,0.02880658436213992,0.041905117025447,yes,yes
0001963,ppe_hard_hat,microsoft/Florence-2-base-ft:grounding_pipeline,florence_grounding_beam,violation,compliant,false,false,true,true,0.048900462962962965,0.015008010681478895,no,yes
0001969,ppe_hard_hat,microsoft/Florence-2-base-ft:grounding_pipeline,florence_grounding_beam,violation,compliant,false,false,true,true,0.0352328431372549,0.025713379486473276,no,yes
0001982,ppe_hard_hat,microsoft/Florence-2-base-ft:grounding_pipeline,florence_grounding_beam,violation,compliant,false,false,true,true,0.03152557319223986,0.04770860625831687,yes,yes
0001984,ppe_hard_hat,microsoft/Florence-2-base-ft:grounding_pipeline,florence_grounding_beam,violation,compliant,false,false,true,true,0.07090891912320484,0.09762171889492625,yes,yes
0001986,ppe_hard_hat,microsoft/Florence-2-base-ft:grounding_pipeline,florence_grounding_beam,violation,violation,true,false,true,true,0.0,0.41647635653846615,yes,yes
0001999,ppe_hard_hat,microsoft/Florence-2-base-ft:grounding_pipeline,florence_grounding_beam,violation,compliant,false,false,true,true,0.0,0.09039665677200433,no,yes
0002048,ppe_hard_hat,microsoft/Florence-2-base-ft:grounding_pipeline,florence_grounding_beam,violation,compliant,false,false,true,true,0.015555555555555555,0.02337139752394414,yes,yes
0002062,ppe_hard_hat,microsoft/Florence-2-base-ft:grounding_pipeline,florence_grounding_beam,violation,compliant,false,false,true,true,0.05092592592592592,0.008894442709417557,yes,yes
0002067,ppe_hard_hat,microsoft/Florence-2-base-ft:grounding_pipeline,florence_grounding_beam,violation,compliant,false,false,true,true,0.02663681284743669,0.035844884840528765,yes,yes
0002091,ppe_hard_hat,microsoft/Florence-2-base-ft:grounding_pipeline,florence_grounding_beam,violation,violation,true,false,true,true,0.07988380537400146,0.045616761052149346,no,yes
0002093,ppe_hard_hat,microsoft/Florence-2-base-ft:grounding_pipeline,florence_grounding_beam,violation,compliant,false,false,true,true,0.025972222222222223,0.09844344117873527,yes,yes
0002104,ppe_hard_hat,microsoft/Florence-2-base-ft:grounding_pipeline,florence_grounding_beam,violation,compliant,false,false,true,true,0.031449121973346005,0.1298534388777552,no,yes
0002114,ppe_hard_hat,microsoft/Florence-2-base-ft:grounding_pipeline,florence_grounding_beam,violation,violation,true,false,true,true,0.04961755233494364,0.054812812776251905,no,yes
0002141,ppe_hard_hat,microsoft/Florence-2-base-ft:grounding_pipeline,florence_grounding_beam,violation,compliant,false,false,true,true,0.012933568489124045,0.01649249838596752,yes,yes
0002151,ppe_hard_hat,microsoft/Florence-2-base-ft:grounding_pipeline,florence_grounding_beam,violation,compliant,false,false,true,true,0.15889830508474576,0.056485717961826776,yes,yes
0002153,ppe_hard_hat,microsoft/Florence-2-base-ft:grounding_pipeline,florence_grounding_beam,violation,compliant,false,false,true,true,0.03956228956228956,0.07653757247260982,yes,yes
0002168,ppe_hard_hat,microsoft/Florence-2-base-ft:grounding_pipeline,florence_grounding_beam,violation,violation,true,false,true,true,0.0,0.19690541676493015,yes,yes
0002183,ppe_hard_hat,microsoft/Florence-2-base-ft:grounding_pipeline,florence_grounding_beam,violation,compliant,false,false,true,true,0.011243386243386243,0.04155986311601883,no,yes
0002198,ppe_hard_hat,microsoft/Florence-2-base-ft:grounding_pipeline,florence_grounding_beam,violation,violation,true,false,true,true,0.046296296296296294,0.05271727526258457,yes,yes
0002211,ppe_hard_hat,microsoft/Florence-2-base-ft:grounding_pipeline,florence_grounding_beam,violation,compliant,false,false,true,true,0.021885521885521887,0.013767917618708922,no,yes
0002219,ppe_hard_hat,microsoft/Florence-2-base-ft:grounding_pipeline,florence_grounding_beam,violation,compliant,false,false,true,true,0.0576223544973545,0.06600757532283699,yes,yes
0002242,ppe_hard_hat,microsoft/Florence-2-base-ft:grounding_pipeline,florence_grounding_beam,violation,compliant,false,false,true,true,0.026755852842809364,0.012889405257913121,yes,yes
0002245,ppe_hard_hat,microsoft/Florence-2-base-ft:grounding_pipeline,florence_grounding_beam,violation,compliant,false,false,true,true,0.02244668911335578,0.03602468289628346,yes,yes
0002260,ppe_hard_hat,microsoft/Florence-2-base-ft:grounding_pipeline,florence_grounding_beam,violation,compliant,false,false,true,true,0.018404907975460124,0.020518284528683192,no,yes
0002262,ppe_hard_hat,microsoft/Florence-2-base-ft:grounding_pipeline,florence_grounding_beam,violation,compliant,false,false,true,true,0.0,0.41259579695156406,yes,yes
0002265,ppe_hard_hat,microsoft/Florence-2-base-ft:grounding_pipeline,florence_grounding_beam,violation,compliant,false,false,true,true,0.0,0.09577055915050302,yes,yes
0002270,ppe_hard_hat,microsoft/Florence-2-base-ft:grounding_pipeline,florence_grounding_beam,violation,compliant,false,false,true,true,0.05468678555098308,0.04551062092754484,yes,yes
0002278,ppe_hard_hat,microsoft/Florence-2-base-ft:grounding_pipeline,florence_grounding_beam,violation,compliant,false,false,true,true,0.02142857142857143,0.04233727015815314,yes,yes
0002291,ppe_hard_hat,microsoft/Florence-2-base-ft:grounding_pipeline,florence_grounding_beam,violation,compliant,false,false,true,true,0.04090909090909091,0.018041085589031756,no,yes
0002305,ppe_hard_hat,microsoft/Florence-2-base-ft:grounding_pipeline,florence_grounding_beam,violation,compliant,false,false,true,true,0.02035714285714286,0.09879271228182773,yes,yes
0002344,ppe_hard_hat,microsoft/Florence-2-base-ft:grounding_pipeline,florence_grounding_beam,violation,compliant,false,false,true,true,0.041622529860832085,0.10468630389034767,yes,yes
0002348,ppe_hard_hat,microsoft/Florence-2-base-ft:grounding_pipeline,florence_grounding_beam,violation,compliant,false,false,true,true,0.057706093189964155,0.06778479016547723,yes,yes
0002350,ppe_hard_hat,microsoft/Florence-2-base-ft:grounding_pipeline,florence_grounding_beam,violation,compliant,false,false,true,true,0.026780481294283544,0.06662267066782583,yes,yes
0002357,ppe_hard_hat,microsoft/Florence-2-base-ft:grounding_pipeline,florence_grounding_beam,violation,compliant,false,false,true,true,0.0,0.39198918682139616,yes,yes
0002359,ppe_hard_hat,microsoft/Florence-2-base-ft:grounding_pipeline,florence_grounding_beam,violation,compliant,false,false,true,true,0.03848946986201888,0.10600052410771896,yes,yes
0002395,ppe_hard_hat,microsoft/Florence-2-base-ft:grounding_pipeline,florence_grounding_beam,violation,violation,true,false,true,true,0.0,0.1732284939353544,yes,yes
0002464,ppe_hard_hat,microsoft/Florence-2-base-ft:grounding_pipeline,florence_grounding_beam,violation,compliant,false,false,true,true,0.0,0.39450261246662705,yes,yes
0002480,ppe_hard_hat,microsoft/Florence-2-base-ft:grounding_pipeline,florence_grounding_beam,violation,compliant,false,false,true,true,0.040006700779727095,0.16534173365756416,yes,yes
0002485,ppe_hard_hat,microsoft/Florence-2-base-ft:grounding_pipeline,florence_grounding_beam,violation,violation,true,false,true,true,0.007575757575757576,0.10757994443410188,no,yes
0002495,ppe_hard_hat,microsoft/Florence-2-base-ft:grounding_pipeline,florence_grounding_beam,violation,violation,true,false,true,true,0.0,0.31797309459903816,yes,yes
0002525,ppe_hard_hat,microsoft/Florence-2-base-ft:grounding_pipeline,florence_grounding_beam,violation,violation,true,false,true,true,0.0,0.2950789089379314,yes,yes
0002526,ppe_hard_hat,microsoft/Florence-2-base-ft:grounding_pipeline,florence_grounding_beam,violation,compliant,false,false,true,true,0.014265463546613706,0.13853787604164405,yes,yes
0002564,ppe_hard_hat,microsoft/Florence-2-base-ft:grounding_pipeline,florence_grounding_beam,violation,compliant,false,false,true,true,0.109375,0.011068828218346635,yes,yes
0002570,ppe_hard_hat,microsoft/Florence-2-base-ft:grounding_pipeline,florence_grounding_beam,violation,compliant,false,false,true,true,0.03592403144832813,0.023154073315749674,yes,yes
0002598,ppe_hard_hat,microsoft/Florence-2-base-ft:grounding_pipeline,florence_grounding_beam,violation,compliant,false,false,true,true,0.0,0.369231743554642,yes,yes
0002599,ppe_hard_hat,microsoft/Florence-2-base-ft:grounding_pipeline,florence_grounding_beam,violation,compliant,false,false,true,true,0.007463282247765006,0.04564598071632984,yes,yes
0002617,ppe_hard_hat,microsoft/Florence-2-base-ft:grounding_pipeline,florence_grounding_beam,violation,violation,true,false,true,true,0.010302197802197802,0.021361504643779772,no,yes
0002624,ppe_hard_hat,microsoft/Florence-2-base-ft:grounding_pipeline,florence_grounding_beam,violation,compliant,false,false,true,true,0.009062850729517397,0.07829573565796685,yes,yes
0002626,ppe_hard_hat,microsoft/Florence-2-base-ft:grounding_pipeline,florence_grounding_beam,violation,compliant,false,false,true,true,0.013020833333333334,0.023048861143232218,no,yes
0002628,ppe_hard_hat,microsoft/Florence-2-base-ft:grounding_pipeline,florence_grounding_beam,violation,compliant,false,false,true,true,0.022569444444444444,0.035854644825399615,yes,yes
0002668,ppe_hard_hat,microsoft/Florence-2-base-ft:grounding_pipeline,florence_grounding_beam,violation,compliant,false,false,true,true,0.00913900913900914,0.04351500379817926,yes,yes
0002674,ppe_hard_hat,microsoft/Florence-2-base-ft:grounding_pipeline,florence_grounding_beam,violation,compliant,false,false,true,true,0.0,0.30449466333582925,yes,yes
0002688,ppe_hard_hat,microsoft/Florence-2-base-ft:grounding_pipeline,florence_grounding_beam,violation,compliant,false,false,true,true,0.06664270196771017,0.1473829286667234,yes,yes
0002715,ppe_hard_hat,microsoft/Florence-2-base-ft:grounding_pipeline,florence_grounding_beam,violation,compliant,false,false,true,true,0.007625272331154684,0.03179447890576112,yes,yes
0002729,ppe_hard_hat,microsoft/Florence-2-base-ft:grounding_pipeline,florence_grounding_beam,violation,compliant,false,false,true,true,0.07887323943661972,0.033410395589774385,yes,yes
0002738,ppe_hard_hat,microsoft/Florence-2-base-ft:grounding_pipeline,florence_grounding_beam,violation,compliant,false,false,true,true,0.052231718898385564,0.019393584277051807,no,yes
0002740,ppe_hard_hat,microsoft/Florence-2-base-ft:grounding_pipeline,florence_grounding_beam,violation,compliant,false,false,true,true,0.022968705139247775,0.05367080729368206,yes,yes
0002753,ppe_hard_hat,microsoft/Florence-2-base-ft:grounding_pipeline,florence_grounding_beam,violation,compliant,false,false,true,true,0.04365079365079365,0.018439088914585774,yes,yes
0002848,ppe_hard_hat,microsoft/Florence-2-base-ft:grounding_pipeline,florence_grounding_beam,violation,compliant,false,false,true,true,0.020061728395061727,0.015509853498842456,yes,yes
0002859,ppe_hard_hat,microsoft/Florence-2-base-ft:grounding_pipeline,florence_grounding_beam,violation,compliant,false,false,true,true,0.0,0.4254673247670665,yes,yes
0002931,ppe_hard_hat,microsoft/Florence-2-base-ft:grounding_pipeline,florence_grounding_beam,violation,violation,true,false,true,true,0.0,0.13764729484366112,yes,yes
0002936,ppe_hard_hat,microsoft/Florence-2-base-ft:grounding_pipeline,florence_grounding_beam,violation,compliant,false,false,true,true,0.05849192387653926,0.1535117733693031,yes,yes
0002939,ppe_hard_hat,microsoft/Florence-2-base-ft:grounding_pipeline,florence_grounding_beam,violation,compliant,false,false,true,true,0.026780659042011098,0.0645023686042269,yes,yes
0002957,ppe_hard_hat,microsoft/Florence-2-base-ft:grounding_pipeline,florence_grounding_beam,violation,compliant,false,false,true,true,0.02866148658554464,0.036347092196090613,yes,yes
0002962,ppe_hard_hat,microsoft/Florence-2-base-ft:grounding_pipeline,florence_grounding_beam,violation,compliant,false,false,true,true,0.023284313725490197,0.027728845790780565,no,yes
0002998,ppe_hard_hat,microsoft/Florence-2-base-ft:grounding_pipeline,florence_grounding_beam,violation,compliant,false,false,true,true,0.04054433221099888,0.020223748416156685,no,yes
0003017,ppe_hard_hat,microsoft/Florence-2-base-ft:grounding_pipeline,florence_grounding_beam,violation,compliant,false,false,true,true,0.04814814814814815,0.03101254226563469,yes,yes
0003026,ppe_hard_hat,microsoft/Florence-2-base-ft:grounding_pipeline,florence_grounding_beam,violation,compliant,false,false,true,true,0.0,0.05938013958018708,yes,yes
0003059,ppe_hard_hat,microsoft/Florence-2-base-ft:grounding_pipeline,florence_grounding_beam,violation,compliant,false,false,true,true,0.011574074074074073,0.03995381441758723,yes,yes
0003067,ppe_hard_hat,microsoft/Florence-2-base-ft:grounding_pipeline,florence_grounding_beam,violation,compliant,false,false,true,true,0.027489934657778364,0.0687563917483313,yes,yes
0003069,ppe_hard_hat,microsoft/Florence-2-base-ft:grounding_pipeline,florence_grounding_beam,violation,violation,true,false,true,true,0.06409465020576131,0.12632417646741834,yes,yes
0003071,ppe_hard_hat,microsoft/Florence-2-base-ft:grounding_pipeline,florence_grounding_beam,violation,compliant,false,false,true,true,0.05803175840924397,0.22327586325241497,yes,yes
0003094,ppe_hard_hat,microsoft/Florence-2-base-ft:grounding_pipeline,florence_grounding_beam,violation,compliant,false,false,true,true,0.0,0.08472963537695126,no,yes
0003106,ppe_hard_hat,microsoft/Florence-2-base-ft:grounding_pipeline,florence_grounding_beam,violation,compliant,false,false,true,true,0.0,0.22237664049818232,yes,yes
0003156,ppe_hard_hat,microsoft/Florence-2-base-ft:grounding_pipeline,florence_grounding_beam,violation,compliant,false,false,true,true,0.10909090909090909,0.017826622269472743,no,yes
0003158,ppe_hard_hat,microsoft/Florence-2-base-ft:grounding_pipeline,florence_grounding_beam,violation,compliant,false,false,true,true,0.02853893082411333,0.13985378804755344,yes,yes
0003164,ppe_hard_hat,microsoft/Florence-2-base-ft:grounding_pipeline,florence_grounding_beam,violation,compliant,false,false,true,true,0.009259259259259259,0.03611546653550143,no,yes
0003181,ppe_hard_hat,microsoft/Florence-2-base-ft:grounding_pipeline,florence_grounding_beam,violation,compliant,false,false,true,true,0.0,0.13655483229172896,no,yes
0003188,ppe_hard_hat,microsoft/Florence-2-base-ft:grounding_pipeline,florence_grounding_beam,violation,compliant,false,false,true,true,0.0,0.04345367904127592,yes,yes
0003206,ppe_hard_hat,microsoft/Florence-2-base-ft:grounding_pipeline,florence_grounding_beam,violation,compliant,false,false,true,true,0.03522544283413848,0.047750509014157234,no,yes
0003217,ppe_hard_hat,microsoft/Florence-2-base-ft:grounding_pipeline,florence_grounding_beam,violation,violation,true,false,true,true,0.0,0.30720315391899505,no,yes
0003224,ppe_hard_hat,microsoft/Florence-2-base-ft:grounding_pipeline,florence_grounding_beam,violation,compliant,false,false,true,true,0.012094907407407407,0.040972890766673736,yes,yes
0003234,ppe_hard_hat,microsoft/Florence-2-base-ft:grounding_pipeline,florence_grounding_beam,violation,compliant,false,false,true,true,0.05737234652897304,0.05512503543082761,no,yes
0003241,ppe_hard_hat,microsoft/Florence-2-base-ft:grounding_pipeline,florence_grounding_beam,violation,compliant,false,false,true,true,0.016203703703703703,0.03380006574615565,no,yes
0003242,ppe_hard_hat,microsoft/Florence-2-base-ft:grounding_pipeline,florence_grounding_beam,violation,compliant,false,false,true,true,0.03333333333333333,0.024748737341529166,no,yes
0003264,ppe_hard_hat,microsoft/Florence-2-base-ft:grounding_pipeline,florence_grounding_beam,violation,compliant,false,false,true,true,0.013492063492063493,0.024388066298453793,no,yes
0003274,ppe_hard_hat,microsoft/Florence-2-base-ft:grounding_pipeline,florence_grounding_beam,violation,compliant,false,false,true,true,0.024691358024691357,0.02209072203437452,no,yes
0003288,ppe_hard_hat,microsoft/Florence-2-base-ft:grounding_pipeline,florence_grounding_beam,violation,compliant,false,false,true,true,0.006286484059272564,0.13967132064510748,no,yes
0003302,ppe_hard_hat,microsoft/Florence-2-base-ft:grounding_pipeline,florence_grounding_beam,violation,compliant,false,false,true,true,0.0,0.13000170939047087,no,yes
0003339,ppe_hard_hat,microsoft/Florence-2-base-ft:grounding_pipeline,florence_grounding_beam,violation,compliant,false,false,true,true,0.08726567550096961,0.09113997596694254,no,yes
0003351,ppe_hard_hat,microsoft/Florence-2-base-ft:grounding_pipeline,florence_grounding_beam,violation,violation,true,false,true,true,0.0,0.15435953310892644,no,yes
0003379,ppe_hard_hat,microsoft/Florence-2-base-ft:grounding_pipeline,florence_grounding_beam,violation,compliant,false,false,true,true,0.006313131313131313,0.023570226039551584,no,yes
0003381,ppe_hard_hat,microsoft/Florence-2-base-ft:grounding_pipeline,florence_grounding_beam,violation,violation,true,false,true,true,0.0,0.11719979102210465,no,yes
0003386,ppe_hard_hat,microsoft/Florence-2-base-ft:grounding_pipeline,florence_grounding_beam,violation,violation,true,false,true,true,0.013971560846560847,0.02042329824272052,yes,yes
0003392,ppe_hard_hat,microsoft/Florence-2-base-ft:grounding_pipeline,florence_grounding_beam,violation,compliant,false,false,true,true,0.0,0.2728719683498309,no,yes
0003416,ppe_hard_hat,microsoft/Florence-2-base-ft:grounding_pipeline,florence_grounding_beam,violation,compliant,false,false,true,true,0.007365319865319866,0.018571184369578827,no,yes
0003420,ppe_hard_hat,microsoft/Florence-2-base-ft:grounding_pipeline,florence_grounding_beam,violation,compliant,false,false,true,true,0.03343621399176955,0.0459226402647854,yes,yes
0003423,ppe_hard_hat,microsoft/Florence-2-base-ft:grounding_pipeline,florence_grounding_beam,violation,compliant,false,false,true,true,0.04446262789080909,0.18566068212976297,no,yes
0003429,ppe_hard_hat,microsoft/Florence-2-base-ft:grounding_pipeline,florence_grounding_beam,violation,violation,true,false,true,true,0.0,0.27527844568046006,no,yes
0003433,ppe_hard_hat,microsoft/Florence-2-base-ft:grounding_pipeline,florence_grounding_beam,violation,violation,true,false,true,true,0.0,0.3432694115252463,no,yes
0003461,ppe_hard_hat,microsoft/Florence-2-base-ft:grounding_pipeline,florence_grounding_beam,violation,violation,true,false,true,true,0.12262870672480004,0.23106180029497642,no,yes
0003468,ppe_hard_hat,microsoft/Florence-2-base-ft:grounding_pipeline,florence_grounding_beam,violation,violation,true,false,true,true,0.0,0.1798826778146739,yes,yes
0003487,ppe_hard_hat,microsoft/Florence-2-base-ft:grounding_pipeline,florence_grounding_beam,violation,compliant,false,false,true,true,0.004509379509379509,0.05420229597433018,yes,yes
0003516,ppe_hard_hat,microsoft/Florence-2-base-ft:grounding_pipeline,florence_grounding_beam,violation,compliant,false,false,true,true,0.034054487179487176,0.01632747801901869,no,yes
0003546,ppe_hard_hat,microsoft/Florence-2-base-ft:grounding_pipeline,florence_grounding_beam,violation,compliant,false,false,true,true,0.025107020547945204,0.20251543151078635,no,yes
0003550,ppe_hard_hat,microsoft/Florence-2-base-ft:grounding_pipeline,florence_grounding_beam,violation,compliant,false,false,true,true,0.00875289351851852,0.04527447159026572,no,yes
0003667,ppe_hard_hat,microsoft/Florence-2-base-ft:grounding_pipeline,florence_grounding_beam,violation,compliant,false,false,true,true,0.010246101364522418,0.04620004810002306,yes,yes
0003679,ppe_hard_hat,microsoft/Florence-2-base-ft:grounding_pipeline,florence_grounding_beam,violation,compliant,false,false,true,true,0.029129427341939754,0.07018227880661858,yes,yes
0000120,struck_by_equipment,microsoft/Florence-2-base-ft:grounding_pipeline,florence_grounding_beam,violation,violation,true,false,true,true,0.004087050686414923,0.13012856890185354,no,yes
0000327,struck_by_equipment,microsoft/Florence-2-base-ft:grounding_pipeline,florence_grounding_beam,violation,violation,true,false,true,true,0.030079414004423977,0.20801342217204227,yes,yes
0000331,struck_by_equipment,microsoft/Florence-2-base-ft:grounding_pipeline,florence_grounding_beam,violation,violation,true,false,true,true,0.029014037337602668,0.17919108360754016,yes,yes
0000490,struck_by_equipment,microsoft/Florence-2-base-ft:grounding_pipeline,florence_grounding_beam,violation,violation,true,false,true,true,0.03906853207325736,0.1515856926699292,no,yes
0000878,struck_by_equipment,microsoft/Florence-2-base-ft:grounding_pipeline,florence_grounding_beam,violation,violation,true,false,true,true,0.07889362973785134,0.28139039705639485,yes,yes
0001033,struck_by_equipment,microsoft/Florence-2-base-ft:grounding_pipeline,florence_grounding_beam,violation,compliant,false,false,true,true,0.0,0.349965077622833,yes,yes
0001325,struck_by_equipment,microsoft/Florence-2-base-ft:grounding_pipeline,florence_grounding_beam,violation,violation,true,false,true,true,0.0539568345323741,0.17904716945232307,yes,yes
0001512,struck_by_equipment,microsoft/Florence-2-base-ft:grounding_pipeline,florence_grounding_beam,violation,violation,true,false,true,true,0.06176605154796401,0.18514738873544923,yes,yes
0002042,struck_by_equipment,microsoft/Florence-2-base-ft:grounding_pipeline,florence_grounding_beam,violation,compliant,false,false,true,true,0.0,0.4331845898562054,yes,yes
0002446,struck_by_equipment,microsoft/Florence-2-base-ft:grounding_pipeline,florence_grounding_beam,violation,violation,true,false,true,true,0.0,0.10687739600952943,yes,yes
0003088,struck_by_equipment,microsoft/Florence-2-base-ft:grounding_pipeline,florence_grounding_beam,violation,compliant,false,false,true,true,0.0,0.2980277764832593,yes,yes
0003813,struck_by_equipment,microsoft/Florence-2-base-ft:grounding_pipeline,florence_grounding_beam,violation,compliant,false,false,true,true,0.13192709980695191,0.047598581911649424,no,yes
0004196,struck_by_equipment,microsoft/Florence-2-base-ft:grounding_pipeline,florence_grounding_beam,violation,compliant,false,false,true,true,0.0,0.3687191041670851,yes,yes
