annotator_id,audit_id,image_id,rule_id,answer_label,evidence_regions_xyxy,ambiguous,notes
ai_annotator_A_compliance_officer,audit_001_0001,0000925,fall_harness,violation,"[[105,415,180,525],[430,420,520,505],[165,560,260,700]]",yes,Three workers on elevated formwork show no visible harness or lanyard; figures are small so concealed equipment cannot be fully excluded.
ai_annotator_A_compliance_officer,audit_001_0002,0001392,fall_harness,violation,"[[490,475,550,565],[845,475,895,535],[590,560,655,655],[400,605,460,675]]",yes,Multiple workers on elevated formwork deck with no visible fall-protection equipment; distance limits confirmation of concealed harnesses.
ai_annotator_A_compliance_officer,audit_001_0003,0001900,fall_harness,violation,"[[400,455,465,585]]",yes,Worker positioned high on rebar cage without visible harness or anchorage; exact standing support and fall height are partly unclear.
ai_annotator_A_compliance_officer,audit_001_0004,0004492,fall_harness,violation,"[[425,135,500,205],[655,120,735,205],[565,400,645,595]]",yes,Workers atop wall formwork and on column formwork mid-height lack visible fall protection; upper figures are small.
ai_annotator_A_compliance_officer,audit_001_0005,0004831,fall_harness,violation,"[[50,365,115,440],[425,535,520,610],[625,525,665,585]]",yes,"Crew on elevated formwork deck, including edge positions, with no visible harness or lanyard; small figure size limits certainty."
ai_annotator_A_compliance_officer,audit_001_0006,0000193,guardrail_edge,violation,"[[225,390,420,640],[330,540,900,760]]",no,Workers on elevated rebar deck with open unguarded perimeter edges; no guardrail or barrier visible along any edge.
ai_annotator_A_compliance_officer,audit_001_0007,0000443,guardrail_edge,violation,"[[940,75,1040,160],[620,150,1200,280]]",yes,Person stands at unprotected excavation crest at upper right; crest line lacks guardrail though slope is benched and edge height varies.
ai_annotator_A_compliance_officer,audit_001_0008,0000468,guardrail_edge,violation,"[[1005,298,1052,352],[60,340,700,400]]",yes,Worker near unprotected slope crest at upper right; remaining crest lines partly obscured or set back from view.
ai_annotator_A_compliance_officer,audit_001_0009,0000478,guardrail_edge,violation,"[[965,160,1005,235],[830,230,1200,330]]",no,Deep excavation crest has no guardrail; person standing at top edge near concrete operations.
ai_annotator_A_compliance_officer,audit_001_0010,0000606,guardrail_edge,violation,"[[770,380,900,830],[0,360,460,430]]",no,"Trench crest on equipment side has no protection; opposite side has only warning tape, not an equivalent barrier."
ai_annotator_A_compliance_officer,audit_001_0011,0000871,guardrail_edge,violation,"[[1040,420,1240,570],[880,290,1000,420],[790,660,960,780]]",yes,"Open shaft and pit edges in concrete structure lack guardrails; draped netting is not equivalent protection, though drop depths are partly unclear."
ai_annotator_A_compliance_officer,audit_001_0012,0000005,ppe_hard_hat,violation,"[[175,540,220,620]]",yes,Pedestrian walking near working excavator appears bareheaded; small figure size limits certainty.
ai_annotator_A_compliance_officer,audit_001_0013,0000046,ppe_hard_hat,compliant,"[[270,370,340,440],[590,330,640,385],[795,280,830,320],[900,255,935,295],[985,330,1020,370]]",yes,All discernible workers in night rebar crew wear hard hats; glare and low light leave some heads unverifiable.
ai_annotator_A_compliance_officer,audit_001_0014,0000059,ppe_hard_hat,violation,"[[225,439,295,520],[209,439,357,872]]",no,Person in brown sweater on active rock works is clearly bareheaded while nearby personnel wear helmets.
ai_annotator_A_compliance_officer,audit_001_0015,0000068,ppe_hard_hat,uncertain,"[[712,540,790,630],[833,542,872,630]]",yes,Two figures near gate appear helmeted; green-uniformed person's headwear is unclear and the gate context may not require hard hats.
ai_annotator_A_compliance_officer,audit_001_0016,0000072,ppe_hard_hat,violation,"[[543,755,590,845]]",yes,Ground worker beside dump truck appears bareheaded amid operating equipment; head detail is small in frame.
ai_annotator_A_compliance_officer,audit_001_0017,0000095,ppe_hard_hat,uncertain,"[[203,92,242,192]]",yes,Single surveyor on the bank; headwear cannot be resolved as a hard hat at this distance.
ai_annotator_A_compliance_officer,audit_001_0018,0000102,ppe_hard_hat,violation,"[[225,558,255,592],[210,560,268,725]]",no,Worker standing at raised dump bed is bareheaded; no head protection visible.
ai_annotator_A_compliance_officer,audit_001_0019,0000116,ppe_hard_hat,violation,"[[566,541,683,663],[785,1010,923,1183]]",no,Drilling crew of three shows no hard hats while working below a rock slope with an overhead rig.
ai_annotator_A_compliance_officer,audit_001_0020,0000118,ppe_hard_hat,violation,"[[543,190,592,295]]",yes,Worker close to operating excavator appears to lack head protection; head area is small in frame.
ai_annotator_A_compliance_officer,audit_001_0021,0000229,ppe_hard_hat,violation,"[[572,270,600,300],[555,272,612,408]]",no,Person in white shirt walks among operating compaction equipment with no head protection.
ai_annotator_A_compliance_officer,audit_001_0022,0000328,ppe_hard_hat,violation,"[[695,358,748,425],[843,365,898,442]]",yes,Two workers at the slab edge wear straw hats rather than hard hats; distant figures are too small to verify.
ai_annotator_A_compliance_officer,audit_001_0023,0000386,ppe_hard_hat,compliant,"[[383,282,428,322]]",no,Single visible worker wears a red hard hat.
ai_annotator_A_compliance_officer,audit_001_0024,0000398,ppe_hard_hat,violation,"[[555,395,605,475],[750,415,790,478],[455,362,500,428]]",yes,Overhead view shows several trench crew members without visible hard hats alongside at least one helmeted worker; heads are small.
ai_annotator_A_compliance_officer,audit_001_0025,0000424,ppe_hard_hat,violation,"[[283,550,305,575],[278,550,315,660]]",yes,One of two ground personnel appears bareheaded near operating equipment; the other wears a white hard hat.
ai_annotator_A_compliance_officer,audit_001_0026,0000545,ppe_hard_hat,violation,"[[53,570,80,600],[45,570,95,715]]",no,"Foreground worker wears an orange hard hat, but the person on the pile-rig platform is bareheaded."
ai_annotator_A_compliance_officer,audit_001_0027,0000564,ppe_hard_hat,violation,"[[703,460,723,485],[695,460,732,568]]",yes,Person walking near the excavator lacks visible head protection; a nearby worker wears a red hard hat. Heads are small.
ai_annotator_A_compliance_officer,audit_001_0028,0000599,ppe_hard_hat,violation,"[[238,495,260,520],[225,495,268,598]]",no,Person in tank top beside the wheel loader is bareheaded; other visible workers wear helmets.
ai_annotator_A_compliance_officer,audit_001_0029,0000623,ppe_hard_hat,violation,"[[825,140,880,205],[560,130,618,190],[438,100,482,150]]",no,All four crew members handling the grout line are bareheaded.
ai_annotator_A_compliance_officer,audit_001_0030,0000645,ppe_hard_hat,violation,"[[768,510,808,648]]",yes,Person standing on active earthworks without head protection; role and work-zone boundary are unclear.
ai_annotator_A_compliance_officer,audit_001_0031,0000651,ppe_hard_hat,violation,"[[275,65,335,285],[495,55,550,275]]",yes,At least one person on the grading area is bareheaded and another wears a straw hat; remaining personnel wear hard hats.
ai_annotator_A_compliance_officer,audit_001_0032,0000729,ppe_hard_hat,violation,"[[735,305,800,615],[800,315,880,585],[855,330,930,600]]",yes,Several personnel reviewing documents are bareheaded while others wear hard hats; whether this staging area requires PPE is unclear.
ai_annotator_A_compliance_officer,audit_001_0033,0000795,ppe_hard_hat,violation,"[[573,168,625,228],[530,168,660,640]]",no,One of four men at the piling area is bareheaded; the other three wear hard hats.
ai_annotator_A_compliance_officer,audit_001_0034,0000833,ppe_hard_hat,violation,"[[173,420,213,513]]",yes,Lone person crossing the graded area appears bareheaded; the figure is small in frame.
ai_annotator_A_compliance_officer,audit_001_0035,0000842,ppe_hard_hat,violation,"[[883,350,918,380],[862,350,928,455]]",no,Worker near the pipe stockpile wears a baseball cap rather than a hard hat.
ai_annotator_A_compliance_officer,audit_001_0036,0000901,ppe_hard_hat,violation,"[[363,675,402,762]]",yes,Person walking through the work area near lifting operations appears bareheaded; head detail is small.
ai_annotator_A_compliance_officer,audit_001_0037,0000987,ppe_hard_hat,violation,"[[858,785,908,900]]",no,Person walking at lower right is bareheaded amid operating earthmoving equipment.
ai_annotator_A_compliance_officer,audit_001_0038,0001077,ppe_hard_hat,violation,"[[408,1015,443,1095]]",yes,Person near the concrete pump under the extended boom appears bareheaded; figure is small.
ai_annotator_A_compliance_officer,audit_001_0039,0001120,ppe_hard_hat,compliant,"[[285,520,318,550],[583,516,612,545]]",no,Both visible workers under the overhead crane wear yellow hard hats.
ai_annotator_A_compliance_officer,audit_001_0040,0001135,ppe_hard_hat,violation,"[[918,700,962,778],[973,645,1012,702]]",yes,Two personnel at the dump truck appear bareheaded; figures are small at this distance.
ai_annotator_A_compliance_officer,audit_001_0041,0001141,ppe_hard_hat,violation,"[[458,690,502,778]]",no,Person crossing the work area on foot is bareheaded amid operating equipment.
ai_annotator_A_compliance_officer,audit_001_0042,0001451,fall_harness,violation,"[[245,620,300,750],[360,640,425,710],[740,270,795,325]]",yes,Workers on top of the rebar wall and on the tower falsework show no visible harness or lanyard from this angle.
ai_annotator_A_compliance_officer,audit_001_0043,0002092,fall_harness,violation,"[[605,410,700,480]]",yes,Crew on the top edge of tank formwork shows no visible fall protection; figures are small and partly backlit.
ai_annotator_A_compliance_officer,audit_001_0044,0003632,fall_harness,violation,"[[468,168,548,265]]",yes,Worker perched on the truss top chord at height with no visible harness or lanyard attachment.
ai_annotator_A_compliance_officer,audit_001_0045,0000020,guardrail_edge,violation,"[[60,485,340,575],[830,465,1200,560]]",yes,Stepped slab and excavation crest edges lack guardrails while crews work nearby; drop heights are partly unclear.
ai_annotator_A_compliance_officer,audit_001_0046,0000079,guardrail_edge,violation,"[[170,370,235,525],[60,470,1130,540]]",yes,Workers stand on top of wall formwork with no guardrail along the open edge; height is moderate and the edge extent is partly cropped.
ai_annotator_A_compliance_officer,audit_001_0047,0000117,guardrail_edge,violation,"[[200,580,690,670],[0,780,400,880],[40,330,140,540]]",no,Deep shaft edge beside the mixer is unguarded; only partial pipe and netting on one side while personnel work adjacent.
ai_annotator_A_compliance_officer,audit_001_0048,0000232,guardrail_edge,violation,"[[555,475,710,655],[140,450,235,585]]",yes,"Falsework platforms lack a clear guardrail system at open faces; only scattered horizontal tubes, partly occluded view."
ai_annotator_A_compliance_officer,audit_001_0049,0000370,guardrail_edge,violation,"[[140,560,790,730],[180,405,275,645]]",no,Personnel stand at the unguarded top edge of a deep shaft; draped netting inside is not equivalent edge protection.
ai_annotator_A_compliance_officer,audit_001_0050,0001081,guardrail_edge,violation,"[[555,385,605,480],[715,385,765,485],[620,470,1200,560]]",yes,Workers on the elevated deck near an open front edge without guardrail; mesh fencing covers only the access side.
ai_annotator_A_compliance_officer,audit_001_0051,0001087,guardrail_edge,violation,"[[1000,330,1060,395],[1140,275,1200,365]]",yes,"Workers sit and walk along the excavation crest with no guardrail; the lined slope is inclined, so exposure is partly mitigated."
ai_annotator_A_compliance_officer,audit_001_0052,0001473,guardrail_edge,violation,"[[40,530,640,580],[225,465,275,535],[605,460,655,515]]",yes,Rebar deck edge above the lower cell has no guardrail while workers kneel near it; only the access chute is netted.
ai_annotator_A_compliance_officer,audit_001_0053,0001520,guardrail_edge,violation,"[[140,70,265,475],[150,300,550,1150]]",no,Workers stand on the capping beam beside a deep unguarded drop; no rails along the beam edge.
ai_annotator_A_compliance_officer,audit_001_0054,0001623,guardrail_edge,violation,"[[325,600,365,700],[130,680,520,780]]",yes,Slab top edge above the wall face lacks a guardrail where a worker stands; edge lines are partly cropped in frame.
ai_annotator_A_compliance_officer,audit_001_0055,0001716,guardrail_edge,violation,"[[180,640,900,720],[400,300,930,620],[985,420,1040,650]]",no,Wheel loader and workers operate beside an unguarded vertical drop with no barrier or berm along the crest.
ai_annotator_A_compliance_officer,audit_001_0056,0002150,guardrail_edge,violation,"[[935,325,1015,415],[880,390,1280,700],[240,655,335,785]]",no,Deep cell edges around the dumping operation lack guardrails; personnel sit at unprotected edges with only draped netting.
ai_annotator_A_compliance_officer,audit_001_0057,0002178,guardrail_edge,violation,"[[190,650,760,820],[830,380,890,530],[30,395,100,585]]",no,Truck dumps rock into a deep shaft over an unprotected edge; workers stand near the open edge without guardrails.
ai_annotator_A_compliance_officer,audit_001_0058,0003613,guardrail_edge,violation,"[[145,360,350,530],[100,520,560,570]]",no,Four personnel stand at the unguarded top edge of a high wall while directing the pour; no guardrail present.
ai_annotator_A_compliance_officer,audit_001_0059,0004111,guardrail_edge,violation,"[[0,430,1000,500],[610,510,770,695],[470,155,545,295]]",yes,Road edge above a steep rock slope lacks effective barriers; a displaced panel lies below the crest while workers use the road.
ai_annotator_A_compliance_officer,audit_001_0060,0004552,guardrail_edge,violation,"[[745,235,815,530],[690,120,1200,300],[325,55,410,290]]",no,Personnel stand at the unprotected edges of a deep vertical-walled trench; no guardrails along the crest.
ai_annotator_A_compliance_officer,audit_001_0061,0003813,struck_by_equipment,uncertain,"[[700,275,745,330],[630,180,900,420]]",yes,Worker in high-vis stands near the excavator's working radius but the machine's swing state and exact distance are not clearly resolvable.
ai_annotator_A_compliance_officer,audit_001_0062,0000149,fall_harness,violation,"[[655,440,800,600]]",no,Worker seated high on the rebar cage above water has no visible harness or lanyard.
ai_annotator_A_compliance_officer,audit_001_0063,0000332,fall_harness,violation,"[[540,225,700,470]]",yes,Worker standing on a mobile scaffold platform beneath steel beams shows no visible harness; guardrails on the platform are partial.
ai_annotator_A_compliance_officer,audit_001_0064,0000874,fall_harness,violation,"[[480,190,610,400]]",no,Worker seated at the top of a tall steel trestle with no visible harness or lanyard attachment despite significant fall height.
ai_annotator_A_compliance_officer,audit_001_0065,0001065,fall_harness,violation,"[[255,55,410,340],[655,470,745,610]]",no,Two workers on elevated mobile scaffold platforms under the steel deck show no visible harness or lanyard.
ai_annotator_A_compliance_officer,audit_001_0066,0002367,fall_harness,violation,"[[590,300,635,355],[605,300,650,355]]",yes,Two workers on a plank platform partway up the excavated slope show no visible harness; fall exposure height is not fully clear.
ai_annotator_A_compliance_officer,audit_001_0067,0004113,fall_harness,violation,"[[590,90,760,290]]",no,"Worker crouched at a high steel connection has no visible harness; the nearby chain is a lifting sling, not fall protection."
ai_annotator_A_compliance_officer,audit_001_0068,0000991,guardrail_edge,violation,"[[755,290,850,375],[860,150,1200,300]]",yes,Workers climb the reinforced slope face with no guardrail at the crest; the graded slope somewhat mitigates fall severity.
ai_annotator_A_compliance_officer,audit_001_0069,0001252,guardrail_edge,violation,"[[930,110,1200,280],[660,420,730,560]]",yes,Steep reinforced embankment crest near the equipment has no barrier; slope grade partly mitigates the drop.
ai_annotator_A_compliance_officer,audit_001_0070,0001274,guardrail_edge,violation,"[[190,75,350,335]]",no,Two workers stand at the unguarded top edge of a tall concrete wall while pouring; no guardrail along the edge.
ai_annotator_A_compliance_officer,audit_001_0071,0001436,guardrail_edge,violation,"[[0,395,730,720],[240,430,300,545]]",no,Deep excavation with vertical walls has no guardrail along the crest where the worker stands near the excavator.
ai_annotator_A_compliance_officer,audit_001_0072,0001484,guardrail_edge,uncertain,"[[0,0,1200,300]]",yes,Worker is on flat ground beside graded embankments rather than a clear vertical drop; no distinct unprotected edge is evident.
ai_annotator_A_compliance_officer,audit_001_0073,0001667,guardrail_edge,uncertain,[],yes,Excavation has sloped side walls and no worker is positioned at a clear unprotected vertical edge in this frame.
ai_annotator_A_compliance_officer,audit_001_0074,0001798,guardrail_edge,uncertain,[],yes,"Image shows a snow-covered vehicle lot with no visible elevated edge, opening, or construction activity to judge."
ai_annotator_A_compliance_officer,audit_001_0075,0002066,guardrail_edge,violation,"[[270,410,330,470],[440,395,520,470]]",yes,Workers and excavator stand near the crest of a steep rock-cut slope with no guardrail; exact crest line versus bench position is partly unclear.
ai_annotator_A_compliance_officer,audit_001_0076,0001033,struck_by_equipment,violation,"[[122,635,182,785],[490,245,1030,800]]",yes,Worker stands close to the operating excavator's body near its tail-swing radius; exact clearance distance is hard to judge in 2D.
ai_annotator_A_compliance_officer,audit_001_0077,0002042,struck_by_equipment,violation,"[[0,595,60,730],[200,60,1080,780]]",yes,Worker at the fence line is close to the active excavator's operating envelope; precise distance is difficult to confirm.
ai_annotator_A_compliance_officer,audit_001_0078,0003088,struck_by_equipment,violation,"[[155,655,215,800],[320,280,880,790]]",yes,Worker stands near the active excavator's swing area; whether he is inside the hazard radius is not fully certain.
ai_annotator_A_compliance_officer,audit_001_0079,0004196,struck_by_equipment,violation,"[[80,645,140,795],[430,155,1010,800]]",yes,Worker positioned close to the operating excavator's tracks and swing zone; exact proximity is difficult to confirm from this angle.
ai_annotator_A_compliance_officer,audit_001_0080,0000032,struck_by_equipment,compliant,[],no,No ground personnel are visible near the parked or operating equipment in this frame.
ai_annotator_A_compliance_officer,audit_001_0081,0000035,struck_by_equipment,uncertain,"[[420,615,510,650],[580,610,640,650]]",yes,Distant figures near a second machine on the left are too small and far to judge proximity to the operating excavator.
ai_annotator_A_compliance_officer,audit_001_0082,0000062,struck_by_equipment,compliant,[],no,No ground personnel are visible near the loading excavator or trucks in this frame.
ai_annotator_A_compliance_officer,audit_001_0083,0000069,struck_by_equipment,violation,"[[460,390,600,530],[490,565,545,650],[750,180,900,450]]",no,"Three workers stand directly beside the operating excavator's cab and within reach of its extended, swinging boom."
ai_annotator_A_compliance_officer,audit_001_0084,0000106,struck_by_equipment,violation,"[[195,400,330,555],[0,215,750,650]]",no,"Two workers stand immediately beside the excavator's tracks and blade, well within its operating envelope."
ai_annotator_A_compliance_officer,audit_001_0085,0000183,struck_by_equipment,compliant,"[[635,330,660,345]]",yes,"The lone visible worker appears well separated from the operating excavator, though the small figure size limits certainty."
ai_annotator_A_compliance_officer,audit_001_0086,0000186,struck_by_equipment,compliant,[],no,Only equipment operators are visible in their cabs; no ground personnel near the machines.
ai_annotator_A_compliance_officer,audit_001_0087,0000248,struck_by_equipment,violation,"[[655,175,720,335],[400,80,480,235]]",no,Two workers stand directly beside and under the excavator bucket while it discharges concrete at close range.
ai_annotator_A_compliance_officer,audit_001_0088,0000270,struck_by_equipment,compliant,[],no,Only the mixer truck and excavator operators are visible in their cabs; no ground personnel near the equipment.
ai_annotator_A_compliance_officer,audit_001_0089,0000282,struck_by_equipment,uncertain,"[[495,325,515,345],[555,330,575,348]]",yes,Possible distant figures near the background equipment are too small and far to judge proximity to any operating machine.
ai_annotator_A_compliance_officer,audit_001_0090,0000294,struck_by_equipment,compliant,[],no,Only the excavator operator is visible in the cab; no ground personnel are near the machines in this frame.
ai_annotator_A_compliance_officer,audit_001_0091,0000358,struck_by_equipment,compliant,[],no,No ground personnel are visible near the tipping truck in this frame.
ai_annotator_A_compliance_officer,audit_001_0092,0000380,struck_by_equipment,compliant,[],no,No ground personnel are visible near the operating excavator; distant machines are far separated.
ai_annotator_A_compliance_officer,audit_001_0093,0000395,struck_by_equipment,compliant,[],no,No ground personnel are visible near either operating excavator in this frame.
ai_annotator_A_compliance_officer,audit_001_0094,0000400,struck_by_equipment,violation,"[[685,485,715,520],[615,290,790,480]]",yes,A worker stands near the base of the excavator's extended grapple attachment; exact clearance from the working tool is unclear.
ai_annotator_A_compliance_officer,audit_001_0095,0000442,struck_by_equipment,violation,"[[345,655,510,895],[595,270,1030,590]]",yes,Crouched workers are positioned relatively close to the actively loading wheel loader; exact distance to its swing/travel path is not fully certain.
ai_annotator_A_compliance_officer,audit_001_0096,0000467,struck_by_equipment,compliant,[],yes,The stacked pipes and pump boom in the foreground are unattended; a possible distant figure near a second boom is too far and small to assess.
ai_annotator_A_compliance_officer,audit_001_0097,0000494,struck_by_equipment,violation,"[[260,650,345,795],[330,590,530,850]]",no,"Worker is positioned directly beside the excavator's grapple attachment at close, arm's-length range."
ai_annotator_A_compliance_officer,audit_001_0098,0000504,struck_by_equipment,compliant,[],no,Only vehicle and excavator operators are visible in their cabs; no ground personnel near the equipment.
ai_annotator_A_compliance_officer,audit_001_0099,0001699,fall_harness,violation,"[[795,85,850,215]]",no,Worker on the elevated scaffold platform near the top of the box structure shows no visible harness or lanyard.
ai_annotator_A_compliance_officer,audit_001_0100,0003479,fall_harness,violation,"[[390,320,560,470]]",no,Worker crouched on a makeshift elevated platform under the girder soffit has no visible harness or anchorage.
ai_annotator_A_compliance_officer,audit_001_0101,0000140,fall_harness,uncertain,"[[0,565,1080,1150]]",yes,"Crew works on an elevated slab pour but stays well away from any visible open edge, so fall-protection need and harness visibility cannot be confidently judged."
ai_annotator_A_compliance_officer,audit_001_0102,0000033,fall_harness,violation,"[[675,95,730,145]]",yes,Worker in red stands near the top edge of the wall structure with no visible harness; the figure is small and distant.
ai_annotator_A_compliance_officer,audit_001_0103,0000042,fall_harness,compliant,[],no,"All visible workers are at the floor of the excavation, not elevated, so no fall-protection exposure is evident."
ai_annotator_A_compliance_officer,audit_001_0104,0000060,fall_harness,compliant,[],no,Workers are laying pavers at ground level with no elevation or fall exposure visible.
ai_annotator_A_compliance_officer,audit_001_0105,0000084,fall_harness,compliant,[],no,Both visible people are standing on flat ground beside rebar bundles with no elevation or fall exposure.
ai_annotator_A_compliance_officer,audit_001_0106,0000154,fall_harness,compliant,[],no,"Workers stand on the rubble/concrete floor at the bottom of the excavation, not at an elevated fall-exposed position."
ai_annotator_A_compliance_officer,audit_001_0107,0000286,fall_harness,violation,"[[385,395,460,565],[770,325,865,610]]",no,Two workers stand atop the elevated wall formwork above the stone-faced slope with no visible harness or lanyard.
ai_annotator_A_compliance_officer,audit_001_0108,0000498,fall_harness,compliant,[],no,Workers are assembling rebar at ground/deck level with no elevation or fall exposure visible.
ai_annotator_A_compliance_officer,audit_001_0109,0000516,fall_harness,violation,"[[418,355,540,600],[560,340,700,585]]",yes,Workers on the elevated caged platform above the netted drop show no clearly visible harness; netting partly obscures their waists.
ai_annotator_A_compliance_officer,audit_001_0110,0000532,fall_harness,uncertain,[],yes,No worker at height is clearly resolvable in this wide shot of the crane and scaffolded building to judge fall protection.
ai_annotator_A_compliance_officer,audit_001_0111,0000537,fall_harness,compliant,[],no,"All visible workers are on the excavation floor or perimeter walkway at grade, not exposed to an elevated fall."
ai_annotator_A_compliance_officer,audit_001_0112,0000542,fall_harness,violation,"[[295,120,360,235]]",yes,Worker stands near the edge of the elevated bridge deck under construction with no visible harness; the aerial angle limits certainty.
ai_annotator_A_compliance_officer,audit_001_0113,0000014,struck_by_equipment,compliant,[],no,Only the excavator operator is visible in the cab; no ground personnel near the equipment or trucks.
ai_annotator_A_compliance_officer,audit_001_0114,0000017,struck_by_equipment,violation,"[[580,265,625,320],[170,175,500,300]]",yes,"A possible ground worker stands between two operating excavators; the figure is small and distant, limiting certainty of exact proximity."
ai_annotator_A_compliance_officer,audit_001_0115,0000044,struck_by_equipment,compliant,[],no,Only the excavator operator is visible in the cab; no ground personnel are near the machine.
ai_annotator_A_compliance_officer,audit_001_0116,0000048,struck_by_equipment,compliant,[],no,Only the excavator operator is visible in the cab; no ground personnel are near the machine.
ai_annotator_A_compliance_officer,audit_001_0117,0000051,struck_by_equipment,uncertain,[],yes,"Extremely tight, low-resolution crop on the bucket and rock pile leaves no visible context to judge whether a worker is nearby."
ai_annotator_A_compliance_officer,audit_001_0118,0000073,struck_by_equipment,compliant,[],no,Only the excavator operator is visible in the cab; no ground personnel are near the machine in this hazy frame.
ai_annotator_A_compliance_officer,audit_001_0119,0000993,fall_harness,violation,"[[80,455,130,555],[225,480,270,570],[430,485,480,565]]",yes,Workers on the elevated formwork tower show no clearly visible harness; small figure size at this height limits certainty.
ai_annotator_A_compliance_officer,audit_001_0120,0001530,fall_harness,violation,"[[540,235,600,410],[630,120,695,215]]",no,Workers atop the brick wall and scaffold near the roofline show no visible harness or lanyard.
