audit_id,image_id,rule_id,question,image_width,image_height,model_assisted_answer_label,florence_predicted_answer,florence_answer_correct,annotation_ambiguous,annotation_applies_to_image,has_reference_evidence,best_evidence_iou,best_evidence_centroid_drift,priority_score,priority_reason,image_caption,target_box_xyxy,source_violation_boxes_xyxy,model_assisted_evidence_regions_xyxy,annotator_1_answer_label,annotator_1_evidence_regions_xyxy,annotator_1_ambiguous,annotator_1_notes,annotator_2_answer_label,annotator_2_evidence_regions_xyxy,annotator_2_ambiguous,annotator_2_notes,adjudicated_answer_label,adjudicated_evidence_regions_xyxy,adjudication_notes
audit_001_0001,0000925,fall_harness,Does the worker at height have visible fall-protection equipment?,1200,900,violation,compliant,false,no,yes,true,0.05920138888888889,0.034334951418181575,170,florence_disagrees_with_bootstrap;bootstrap_nonambiguous;rule_applies;low_evidence_iou,"Three workers are on the roof of a structure supported by metal tube scaffolds. In the background, there is another building covered by scaffolding and green fabric. A tower crane is behind the building in the background. ",,"[[96,405,228,549],[132,558,252,702],[432,423,528,531]]","[[96,405,228,549],[132,558,252,702],[432,423,528,531]]",,,,,,,,,,,
audit_001_0002,0001392,fall_harness,Does the worker at height have visible fall-protection equipment?,1200,900,violation,compliant,false,no,yes,true,0.05291005291005291,0.02282299035816492,170,florence_disagrees_with_bootstrap;bootstrap_nonambiguous;rule_applies;low_evidence_iou,"A group of five workers with red hard hats are working on the roof of a building under construction. There are piles of bricks on the ground. on the right of the image, there is a tower crane. ",,"[[396,594,480,666],[576,558,660,666],[492,486,660,567],[840,477,900,549]]","[[396,594,480,666],[576,558,660,666],[492,486,660,567],[840,477,900,549]]",,,,,,,,,,,
audit_001_0003,0001900,fall_harness,Does the worker at height have visible fall-protection equipment?,906,765,violation,compliant,false,no,yes,true,0.04944381162082177,0.05996105116224595,170,florence_disagrees_with_bootstrap;bootstrap_nonambiguous;rule_applies;low_evidence_iou,"A worker with a yellow hard hat and a red uniform is standing on a rebar cage. Another worker with a yellow hard hat can be seen in the lower right of the image. There are multiple piles of blue and red construction materials on the ground. In the background, there is a muddy lake.",,"[[381,444,489,612]]","[[381,444,489,612]]",,,,,,,,,,,
audit_001_0004,0004492,fall_harness,Does the worker at height have visible fall-protection equipment?,1200,900,violation,compliant,false,no,yes,true,0.014025014628437683,0.30501675728100947,170,florence_disagrees_with_bootstrap;bootstrap_nonambiguous;rule_applies;low_evidence_iou,"The image shows a construction site with four workers visible. One worker is on the ground near the center, wearing a yellow hard hat. Another worker is standing on a scaffolding structure, also wearing a yellow hard hat, and seems to be working on the concrete. Two other workers are crouching on top of the scaffolding structure. There is a blue Kobelco excavator in the foreground on the right, with its arm extended towards the formwork. The excavator is lifting an assembly of red plywood sheets with its arm. In the foreground, a stack of metal plates is on the ground with some water bottles and buckets on top of it. In the background, residential buildings can be seen.",,"[[420,108,744,225]]","[[420,108,744,225]]",,,,,,,,,,,
audit_001_0005,0004831,fall_harness,Does the worker at height have visible fall-protection equipment?,1200,900,violation,compliant,false,no,yes,true,0.07098765432098765,0.051095770644719485,170,florence_disagrees_with_bootstrap;bootstrap_nonambiguous;rule_applies;low_evidence_iou,"The image shows a construction site with various activities in progress. There are at least six workers visible; two are standing on the top level of the structure on the left, while four others are in the middle. The site is filled with construction materials, including wooden planks, red wooden sheets, and rebars. The structure is supported by scaffolding made of metal poles. In the background, there is a yellow tower crane, and further back, an excavator is visible. ",,"[[372,468,696,621]]","[[372,468,696,621]]",,,,,,,,,,,
audit_001_0006,0000193,guardrail_edge,Is the visible elevated edge protected by a guardrail or equivalent barrier?,1200,900,violation,compliant,false,no,yes,true,0.05626695544416286,0.2248211634956895,170,florence_disagrees_with_bootstrap;bootstrap_nonambiguous;rule_applies;low_evidence_iou,"Seven workers with yellow or blue hard hats are working on a rebar cage. Five of the workers are on top of the rebar cage while two of them are on the ground. One worker on top of the rebar cage is passing a piece of metal board to the worker on the ground. Another worker on the ground is welding. In the background, there is a raw of board piles.  ",,"[[72,261,1152,738]]","[[72,261,1152,738]]",,,,,,,,,,,
audit_001_0007,0000443,guardrail_edge,Is the visible elevated edge protected by a guardrail or equivalent barrier?,1200,900,violation,compliant,false,no,yes,true,0.05281086018792863,0.3820785259603057,170,florence_disagrees_with_bootstrap;bootstrap_nonambiguous;rule_applies;low_evidence_iou,16 workers are scattered across the construction site. Some of them are wearing yellow hard hats and some of them are wearing red work suits. Seven workers are working on top of the hill while nine workers are working at the foot of the hill. One worker in the foreground is installing a tube to the base of installed rebars. About six workers are occluded by the rebar wall. There is a pile of rebars on top of the hill on the right of the image. ,,"[[492,45,1188,360]]","[[492,45,1188,360]]",,,,,,,,,,,
audit_001_0008,0000468,guardrail_edge,Is the visible elevated edge protected by a guardrail or equivalent barrier?,1200,900,violation,compliant,false,no,yes,true,0.0,0.4825364695486181,170,florence_disagrees_with_bootstrap;bootstrap_nonambiguous;rule_applies;low_evidence_iou,"Eleven workers with yellow hard hats are at a construction site of a canal. On the right bank of the canal, there is a pile of straight rebars. On the left, there is a row of board piles. In the background, an excavator and the boom and arm of another excavator can be seen.",,"[[828,288,1176,873]]","[[828,288,1176,873]]",,,,,,,,,,,
audit_001_0009,0000478,guardrail_edge,Is the visible elevated edge protected by a guardrail or equivalent barrier?,1200,900,violation,compliant,false,no,yes,true,0.0,0.420256006632994,170,florence_disagrees_with_bootstrap;bootstrap_nonambiguous;rule_applies;low_evidence_iou,"A concrete pump truck is pumping concrete to an excavation pit. Seven workers with yellow or red hard hats are helping pour concrete in the canal. There is another person standing on top of the outrigger of the pump truck. In there background, there is an excavator on the far end of the canal. There is also a tower crane near some tall buildings in the top of the image. ",,"[[792,189,1176,702]]","[[792,189,1176,702]]",,,,,,,,,,,
audit_001_0010,0000606,guardrail_edge,Is the visible elevated edge protected by a guardrail or equivalent barrier?,1200,900,violation,compliant,false,no,yes,true,0.0,0.3643552905856834,170,florence_disagrees_with_bootstrap;bootstrap_nonambiguous;rule_applies;low_evidence_iou,"A pile driver is driving a pile into the side of an excavation pit. A worker with a yellow hard hat is observing the process in the pit, and another worker is next to the pile driver. In the middle of the image, there is an yellow excavator. ",,"[[696,306,1008,873]]","[[696,306,1008,873]]",,,,,,,,,,,
audit_001_0011,0000871,guardrail_edge,Is the visible elevated edge protected by a guardrail or equivalent barrier?,1280,960,violation,compliant,false,no,yes,true,0.06354421633700118,0.35698567132484466,170,florence_disagrees_with_bootstrap;bootstrap_nonambiguous;rule_applies;low_evidence_iou,"A loader is transporting big rocks in its bucket and dumping the rocks into a well surrounded by concrete walls. A worker with a blue hard hat is sitting on the left of the loader near a cliff. On the right, a worker with a red hard hat is sitting on a chair. In the upper left, the arm of an excavator can be seen. There is also a pile of metal pipes.",,"[[563,211,1229,835]]","[[563,211,1229,835]]",,,,,,,,,,,
audit_001_0012,0000005,ppe_hard_hat,Is each visible worker wearing required head protection?,1200,900,violation,compliant,false,no,yes,true,0.045454545454545456,0.021050204538462593,170,florence_disagrees_with_bootstrap;bootstrap_nonambiguous;rule_applies;low_evidence_iou,"An excavator is in the center of the image. There is a person walking on the left, and a mobile crane on the right. The mobile crane is hidden by the excavator, but the boom and hook block is visible. A river is in the background.",,"[[168,531,228,630]]","[[168,531,228,630]]",,,,,,,,,,,
audit_001_0013,0000046,ppe_hard_hat,Is each visible worker wearing required head protection?,1200,900,violation,compliant,false,no,yes,true,0.01745014245014245,0.05760111881629461,170,florence_disagrees_with_bootstrap;bootstrap_nonambiguous;rule_applies;low_evidence_iou,There are eight workers with yellow hard hats at an unfinished tunnel-like structure. One of them is standing on top of the finished portion of the tunnel. There is a flash light in the background. ,,"[[204,297,684,702],[744,243,1056,468],[1092,189,1200,342]]","[[204,297,684,702],[744,243,1056,468],[1092,189,1200,342]]",,,,,,,,,,,
audit_001_0014,0000059,ppe_hard_hat,Is each visible worker wearing required head protection?,2048,1536,violation,compliant,false,no,yes,true,0.0,0.10196752921474639,170,florence_disagrees_with_bootstrap;bootstrap_nonambiguous;rule_applies;low_evidence_iou,"Eleven people are in a stone pit. Ten of them are wearing hard hats while one of them who looks like a manager does not. In the upper left corner, one of the workers is working with a distribution kiosk while another one is working in front of some orange pipes. ",,"[[184,415,389,922]]","[[184,415,389,922]]",,,,,,,,,,,
audit_001_0015,0000068,ppe_hard_hat,Is each visible worker wearing required head protection?,1200,900,violation,compliant,false,no,yes,true,0.0,0.05934550436965624,170,florence_disagrees_with_bootstrap;bootstrap_nonambiguous;rule_applies;low_evidence_iou,"A mobile crane is entering a gate. There are three people walking towards the gate, two of them are wearing yellow hard hats. ",,"[[816,531,876,639]]","[[816,531,876,639]]",,,,,,,,,,,
audit_001_0016,0000072,ppe_hard_hat,Is each visible worker wearing required head protection?,1200,900,violation,compliant,false,no,yes,true,0.07777777777777778,0.02101057934575923,170,florence_disagrees_with_bootstrap;bootstrap_nonambiguous;rule_applies;low_evidence_iou,"A dump truck and a roller are in the foreground of the image. A person is standing in front of the dump truck. On the left, there is a bulldozer and 
a lot of orange tubes. In the middle of the image, an excavator is lifting a pile of orange tubes. There is also a giant crawler crane. on the right of the image, there is a pile of black pipes and mint-colored pipes. There is also a water truck and a bulldozer. ",,"[[528,756,588,846]]","[[528,756,588,846]]",,,,,,,,,,,
audit_001_0017,0000095,ppe_hard_hat,Is each visible worker wearing required head protection?,1200,675,violation,compliant,false,no,yes,true,0.08553719008264463,0.02970122682720721,170,florence_disagrees_with_bootstrap;bootstrap_nonambiguous;rule_applies;low_evidence_iou,An excavator is digging in a dry riverbed. A person is standing on the left bank. There is a concrete pile on the right side of the riverbed.,,"[[192,81,252,202]]","[[192,81,252,202]]",,,,,,,,,,,
audit_001_0018,0000102,ppe_hard_hat,Is each visible worker wearing required head protection?,1200,900,violation,compliant,false,no,yes,true,0.04271384479717813,0.05450586105079791,170,florence_disagrees_with_bootstrap;bootstrap_nonambiguous;rule_applies;low_evidence_iou,"A worker is checking the engine of a dump truck with both the cabin and dump box raised. There are two concrete pipes in front of the worker and truck, at the left side of the asphalt road. ",,"[[192,549,276,765]]","[[192,549,276,765]]",,,,,,,,,,,
audit_001_0019,0000116,ppe_hard_hat,Is each visible worker wearing required head protection?,1536,2048,violation,compliant,false,no,yes,true,0.009869288042896433,0.23378212774280485,170,florence_disagrees_with_bootstrap;bootstrap_nonambiguous;rule_applies;low_evidence_iou,"Three workers are standing on plank scaffolding. Two of them are holding a steel shaft with a drill bit, one worker is trying to reach a switch. ",,"[[138,471,1459,1864]]","[[138,471,1459,1864]]",,,,,,,,,,,
audit_001_0020,0000118,ppe_hard_hat,Is each visible worker wearing required head protection?,1200,900,violation,compliant,false,no,yes,true,0.03979276895943563,0.03368151487751767,170,florence_disagrees_with_bootstrap;bootstrap_nonambiguous;rule_applies;low_evidence_iou,"An excavator is in the center of the image on an unpaved road. A person is standing next to it. at the far end of the road, there is a loader. ",,"[[528,180,600,306]]","[[528,180,600,306]]",,,,,,,,,,,
audit_001_0021,0000229,ppe_hard_hat,Is each visible worker wearing required head protection?,1200,675,violation,compliant,false,no,yes,true,0.018628095551172473,0.04648970262025505,170,florence_disagrees_with_bootstrap;bootstrap_nonambiguous;rule_applies;low_evidence_iou,"There are three drum rollers a loader, and a person at the construction site.",,"[[528,256,636,425]]","[[528,256,636,425]]",,,,,,,,,,,
audit_001_0022,0000328,ppe_hard_hat,Is each visible worker wearing required head protection?,1200,901,violation,compliant,false,no,yes,true,0.0,0.32052403139988433,170,florence_disagrees_with_bootstrap;bootstrap_nonambiguous;rule_applies;low_evidence_iou,There are six people in the scene. One worker is standing next to the tripod. One worker is traversing the steel strut. Two workers are working at the edge of the opening. There are piled bricks all across the site. ,,"[[468,270,516,378],[672,351,744,441],[828,369,912,460]]","[[468,270,516,378],[672,351,744,441],[828,369,912,460]]",,,,,,,,,,,
audit_001_0023,0000386,ppe_hard_hat,Is each visible worker wearing required head protection?,1200,675,violation,compliant,false,no,yes,true,0.03335611756664388,0.1065837957013146,170,florence_disagrees_with_bootstrap;bootstrap_nonambiguous;rule_applies;low_evidence_iou,An excavator is on the left of the image and a worker with a red hard hat is next to it.,,"[[288,256,516,641]]","[[288,256,516,641]]",,,,,,,,,,,
audit_001_0024,0000398,ppe_hard_hat,Is each visible worker wearing required head protection?,1200,900,violation,compliant,false,no,yes,true,0.017896047307812014,0.01622070008079525,170,florence_disagrees_with_bootstrap;bootstrap_nonambiguous;rule_applies;low_evidence_iou,Six workers are working with a conveyor belt. A blue truck is parked nearby.,,"[[444,342,612,495],[660,396,816,495]]","[[444,342,612,495],[660,396,816,495]]",,,,,,,,,,,
audit_001_0025,0000424,ppe_hard_hat,Is each visible worker wearing required head protection?,1200,900,violation,compliant,false,no,yes,true,0.011725293132328308,0.04447221354708778,170,florence_disagrees_with_bootstrap;bootstrap_nonambiguous;rule_applies;low_evidence_iou,"There are two excavators, a loader, and a drum roller in the image. There are two workers on the left of the image, one of the workers is wearing a white hard hat.",,"[[264,531,336,675]]","[[264,531,336,675]]",,,,,,,,,,,
audit_001_0026,0000545,ppe_hard_hat,Is each visible worker wearing required head protection?,1200,900,violation,compliant,false,no,yes,true,0.0,0.5233910796165925,170,florence_disagrees_with_bootstrap;bootstrap_nonambiguous;rule_applies;low_evidence_iou,"An excavator is in the middle of the image. There are five workers near the excavator. On the left of the image, there are two pieces of equipment with long poles. On the right of the image, some wood boards are on top of the hill.",,"[[12,549,120,738]]","[[12,549,120,738]]",,,,,,,,,,,
audit_001_0027,0000564,ppe_hard_hat,Is each visible worker wearing required head protection?,1200,900,violation,compliant,false,no,yes,true,0.0,0.09381364506296512,170,florence_disagrees_with_bootstrap;bootstrap_nonambiguous;rule_applies;low_evidence_iou,"An excavator is in the middle of the image. There are three workers next to the excavator, two of them are wearing hard hats. In the background, there are some black pipes and concrete pipes. On the left of the image, two SUVs, and a dump truck can be seen. On the right of the image, there are two tower cranes. ",,"[[660,432,756,594]]","[[660,432,756,594]]",,,,,,,,,,,
audit_001_0028,0000599,ppe_hard_hat,Is each visible worker wearing required head protection?,907,765,violation,compliant,false,no,yes,true,0.024499128919860627,0.03891908538364563,170,florence_disagrees_with_bootstrap;bootstrap_nonambiguous;rule_applies;low_evidence_iou,"There are two workers with yellow hard hats standing in the foreground. One of them is throwing something into the sky. A loader is next to them. On the other side of the loader, another worker is standing next to a well. ",,"[[163,467,327,635]]","[[163,467,327,635]]",,,,,,,,,,,
audit_001_0029,0000623,ppe_hard_hat,Is each visible worker wearing required head protection?,1280,960,violation,compliant,false,no,yes,true,0.012067240472556088,0.13928177936291594,170,florence_disagrees_with_bootstrap;bootstrap_nonambiguous;rule_applies;low_evidence_iou,Four workers are pouring concrete onto rocks with a hose hanging from above. Two of them use straps tied to the hose to move it. They are next to a metal scaffolding.,,"[[384,58,986,576]]","[[384,58,986,576]]",,,,,,,,,,,
audit_001_0030,0000645,ppe_hard_hat,Is each visible worker wearing required head protection?,1200,800,violation,compliant,false,no,yes,true,0.01443001443001443,0.03913118960624632,170,florence_disagrees_with_bootstrap;bootstrap_nonambiguous;rule_applies;low_evidence_iou,"A person is standing is standing in the middle of the image. On the left, there is a bulldozer, a water truck, an excavator, and a crawler crane. On the right, there is a dump truck and another piece of construction equipment. There are also three piles of pipes in the image, two piles are black, one pile is red. In the background, there are two tower cranes. ",,"[[708,496,840,664]]","[[708,496,840,664]]",,,,,,,,,,,
audit_001_0031,0000651,ppe_hard_hat,Is each visible worker wearing required head protection?,900,1200,violation,compliant,false,no,yes,true,0.0,0.370135110466435,170,florence_disagrees_with_bootstrap;bootstrap_nonambiguous;rule_applies;low_evidence_iou,Five workers with red or white hard hats are measuring distance with a rope. ,,"[[243,48,369,312],[576,24,738,396]]","[[243,48,369,312],[576,24,738,396]]",,,,,,,,,,,
audit_001_0032,0000729,ppe_hard_hat,Is each visible worker wearing required head protection?,1200,675,violation,compliant,false,no,yes,true,0.0,0.22970615843266484,170,florence_disagrees_with_bootstrap;bootstrap_nonambiguous;rule_applies;low_evidence_iou,"Nine people are standing in front of a construction site. An SUV is behind the group of people. In the background, four tower cranes along with six buildings under construction can be seen. The buildings are covered with green fabric. ",,"[[264,297,384,533],[684,290,960,641]]","[[264,297,384,533],[684,290,960,641]]",,,,,,,,,,,
audit_001_0033,0000795,ppe_hard_hat,Is each visible worker wearing required head protection?,1200,675,violation,compliant,false,no,yes,true,0.01886347559537845,0.19550673040932515,170,florence_disagrees_with_bootstrap;bootstrap_nonambiguous;rule_applies;low_evidence_iou,"The image shows a muddy construction site. Four people are in the foreground of the image. Three of them were wearing hard hats. The person in the middle does not have any PPE and is wearing a pair of slippers. In the background on the left, there are two people, several cars and two excavators.  ",,"[[492,122,732,668]]","[[492,122,732,668]]",,,,,,,,,,,
audit_001_0034,0000833,ppe_hard_hat,Is each visible worker wearing required head protection?,1200,800,violation,compliant,false,no,yes,true,0.063720703125,0.018637482910274374,170,florence_disagrees_with_bootstrap;bootstrap_nonambiguous;rule_applies;low_evidence_iou,A bulldozer is pushing soil in the middle of the image. A person is walking on the left. There are a lot of concrete pipes near the river in the background. ,,"[[144,408,240,536]]","[[144,408,240,536]]",,,,,,,,,,,
audit_001_0035,0000842,ppe_hard_hat,Is each visible worker wearing required head protection?,1200,800,violation,compliant,false,no,yes,true,0.035416666666666666,0.036070510542120564,170,florence_disagrees_with_bootstrap;bootstrap_nonambiguous;rule_applies;low_evidence_iou,"On the left of the image, there is an orange excavator. To the right, there is a pile of concrete pipes. A person is behind the concrete pipes. A pile of orange pipes can be seen in the background. ",,"[[828,336,948,504]]","[[828,336,948,504]]",,,,,,,,,,,
audit_001_0036,0000901,ppe_hard_hat,Is each visible worker wearing required head protection?,1200,900,violation,compliant,false,no,yes,true,0.030525030525030524,0.025412158070061225,170,florence_disagrees_with_bootstrap;bootstrap_nonambiguous;rule_applies;low_evidence_iou,"A busy construction site. On the left, there is a drum roller and another piece of construction equipment. There are some orange pipes between them. In the middle of the image, there is a person in the foreground. There is an excavator lifting a stack of orange pipes and a crawler crane is behind it. On the right, there is a drum roller in the foreground. A pile of black pipes, an excavator and a water truck is behind it. There is also anonther stack of orange pipes and a pick up truck. In the background, there is a tower crane.",,"[[336,666,420,783]]","[[336,666,420,783]]",,,,,,,,,,,
audit_001_0037,0000987,ppe_hard_hat,Is each visible worker wearing required head protection?,1200,900,violation,compliant,false,no,yes,true,0.016493055555555556,0.024388066298453793,170,florence_disagrees_with_bootstrap;bootstrap_nonambiguous;rule_applies;low_evidence_iou,"A busy excavation site. On the left, there is a drum roller and another tracked construction vehicle, probably a bulldozer. An excavator is lifting a stack of orange pipes behind them. There are more orange pipes on the ground. On the right, a worker is in the foreground. A pile of black pipes is next to the truck. There is also the arm of an excavator and a pile of green piles. In the background, there is a crawler crane. ",,"[[804,756,948,900]]","[[804,756,948,900]]",,,,,,,,,,,
audit_001_0038,0001077,ppe_hard_hat,Is each visible worker wearing required head protection?,900,1200,violation,compliant,false,no,yes,true,0.011937557392102846,0.013597385369580758,170,florence_disagrees_with_bootstrap;bootstrap_nonambiguous;rule_applies;low_evidence_iou,A concrete pump truck is in the middle of the image with its arm extended and outriggers deployed. A person is standing to the left of the pump truck with a stack of wood board to his left. A tower crane is in the background. ,,"[[369,984,468,1116]]","[[369,984,468,1116]]",,,,,,,,,,,
audit_001_0039,0001120,ppe_hard_hat,Is each visible worker wearing required head protection?,1024,768,violation,compliant,false,no,yes,true,0.05650823656494734,0.04956629527161703,170,florence_disagrees_with_bootstrap;bootstrap_nonambiguous;rule_applies;low_evidence_iou,Two workers are in side a factory. They are lifting a piece of bent material. ,,"[[246,515,338,676]]","[[246,515,338,676]]",,,,,,,,,,,
audit_001_0040,0001135,ppe_hard_hat,Is each visible worker wearing required head protection?,1200,900,violation,compliant,false,no,yes,true,0.03571428571428571,0.019413626371414715,170,florence_disagrees_with_bootstrap;bootstrap_nonambiguous;rule_applies;low_evidence_iou,"On the left, there is a drum roller and a bulldozer. In the middle, there is a bulldozer near a lot of orange pipes. There is another drum roller partially occluded by the orange pipes. An excavator is lifting a stack of orange pipes. On the left, a dump truck is in the foreground. The driver of the truck is passing something to a person next to the truck. In the background, there is a crawler crane. ",,"[[900,684,984,792]]","[[900,684,984,792]]",,,,,,,,,,,
audit_001_0041,0001141,ppe_hard_hat,Is each visible worker wearing required head protection?,1200,900,violation,compliant,false,no,yes,true,0.04054433221099888,0.0193362066830309,170,florence_disagrees_with_bootstrap;bootstrap_nonambiguous;rule_applies;low_evidence_iou,"A water truck is on the left. Another construction vehicle and some orange pipes are in the background. In the middle, a person is standing in the foreground. An excavator is lifting a stack of orange pipes. A crawler crane is behind the excavator. On the right, there is a drum roller, a pile of black pipes and a pile of orange pipes. There is also a water truck and an excavator. In the background, there is a tower crane. ",,"[[444,684,516,783]]","[[444,684,516,783]]",,,,,,,,,,,
audit_001_0042,0001451,fall_harness,Does the worker at height have visible fall-protection equipment?,907,765,violation,compliant,false,no,yes,true,0.10418753756762172,0.054483786350059765,150,florence_disagrees_with_bootstrap;bootstrap_nonambiguous;rule_applies,"In the lower left of the image, two workers with yellow hard hats and safety vests are standing on a wood or bamboo scaffold near a rebar cage. On the right, a worker with a yellow hard hat and a red jacket is on top of a metal scaffold. There are about four more workers with hard hats and red jackets underneath him. In the background, a factory with blue walls is on an embankment fenced by metal fences. ",,"[[218,589,435,750],[726,252,807,337]]","[[218,589,435,750],[726,252,807,337]]",,,,,,,,,,,
audit_001_0043,0002092,fall_harness,Does the worker at height have visible fall-protection equipment?,1200,900,violation,compliant,false,no,yes,true,0.26080246913580246,0.013283239230114183,150,florence_disagrees_with_bootstrap;bootstrap_nonambiguous;rule_applies,There are six workers with yellow hard hats working at the construction site. Four of them are working on top of a rebar cage sandwiched by wooden formworks to pour concrete. Two workers are standing on the ground. There are some scaffolding tubes on the ground. ,,"[[588,396,732,504]]","[[588,396,732,504]]",,,,,,,,,,,
audit_001_0044,0003632,fall_harness,Does the worker at height have visible fall-protection equipment?,907,765,violation,compliant,false,no,yes,true,0.4934704084467908,0.0023837631353564974,150,florence_disagrees_with_bootstrap;bootstrap_nonambiguous;rule_applies,"The image shows a construction site with a complex framework of brown metal beams. At least six workers are visible, all wearing yellow hard hats; one in red is perched atop the structure, while others are distributed at the lower level of the scaffolding. In the background, there is dense green foliage, and the site is bordered by a blue fence on the left side. There is a pile of materials or debris, and a red pile driver on the ground to the right.",,"[[444,153,562,275]]","[[444,153,562,275]]",,,,,,,,,,,
audit_001_0045,0000020,guardrail_edge,Is the visible elevated edge protected by a guardrail or equivalent barrier?,1200,900,violation,compliant,false,no,yes,true,0.1306032097399004,0.2245274049098585,150,florence_disagrees_with_bootstrap;bootstrap_nonambiguous;rule_applies,"The image shows a busy construction site. There are about 30 workers with red or yellow hard hats and safety vests. They are standing on a rebar framework on top of a concrete foundation. There are two excavators on the hill in the background. A tower crane is lifting a bundle of rebars for the workers. On the right, there is a red pile driver in the background. There are some wood boards and rebars scattered around the site.",,"[[12,333,684,585]]","[[12,333,684,585]]",,,,,,,,,,,
audit_001_0046,0000079,guardrail_edge,Is the visible elevated edge protected by a guardrail or equivalent barrier?,1200,900,violation,compliant,false,no,yes,true,0.44546386218339756,0.06633417084898419,150,florence_disagrees_with_bootstrap;bootstrap_nonambiguous;rule_applies,Four workers with yellow hard hats are standing on top of the rebar cage of an unfinished tunnel structure. A concrete truck and a concrete pump truck are pouring concrete to the tunnel structure.,,"[[12,513,1188,819]]","[[12,513,1188,819]]",,,,,,,,,,,
audit_001_0047,0000117,guardrail_edge,Is the visible elevated edge protected by a guardrail or equivalent barrier?,960,1280,violation,compliant,false,no,yes,true,0.3805269987024653,0.16221188400514927,150,florence_disagrees_with_bootstrap;bootstrap_nonambiguous;rule_applies,"A concrete truck is dumping concrete into a deep pit. Three workers with red or blue hard hats are near the concrete truck. The background is a query. Three excavators, two dump trucks are visible at the site. ",,"[[48,384,902,909]]","[[48,384,902,909]]",,,,,,,,,,,
audit_001_0048,0000232,guardrail_edge,Is the visible elevated edge protected by a guardrail or equivalent barrier?,1200,900,violation,compliant,false,no,yes,true,0.20372992053155142,0.24539718372014332,150,florence_disagrees_with_bootstrap;bootstrap_nonambiguous;rule_applies,Eight workers with yellow hard hats are at a scaffold. There are two excavators in the upper part of the image. ,,"[[696,189,1200,576]]","[[696,189,1200,576]]",,,,,,,,,,,
audit_001_0049,0000370,guardrail_edge,Is the visible elevated edge protected by a guardrail or equivalent barrier?,1280,960,violation,compliant,false,no,yes,true,0.14999959170452473,0.2939234860044362,150,florence_disagrees_with_bootstrap;bootstrap_nonambiguous;rule_applies,"In the image, there are two concrete trucks. One of them is in the foreground while the other way is driving along the road in the upper left corner of the image. There are three excavators, one of them is on the left of the image while the other two are at the toe of the hill. There is one dump truck on the left of the image and another one in the upper right. There are three workers with blue or red hard hats on the left of the image. There are some other construction equipment in the upper left of the image but they are occluded and hard to recognize. ",,"[[115,298,1203,922]]","[[115,298,1203,922]]",,,,,,,,,,,
audit_001_0050,0001081,guardrail_edge,Is the visible elevated edge protected by a guardrail or equivalent barrier?,1200,900,violation,compliant,false,no,yes,true,0.6921810528070688,0.0489648399931579,150,florence_disagrees_with_bootstrap;bootstrap_nonambiguous;rule_applies,"In the foreground, there are seven workers with yellow hard hats and orange jackets working on a tunnel structure. At least three piles of rebars are on the ground. In the background, there is a dump truck on the left of the image and about eight more workers. ",,"[[60,387,1152,855]]","[[60,387,1152,855]]",,,,,,,,,,,
audit_001_0051,0001087,guardrail_edge,Is the visible elevated edge protected by a guardrail or equivalent barrier?,1200,900,violation,compliant,false,no,yes,true,0.25440848449139347,0.28488223687848435,150,florence_disagrees_with_bootstrap;bootstrap_nonambiguous;rule_applies,"At least 16 workers are at a construction site. Rebar walls divide the concrete slab into different sections. On the left, there is a row of board piles. On the right, three workers with yellow hard hats are standing on the bank of the excavation.",,"[[600,252,1176,882]]","[[600,252,1176,882]]",,,,,,,,,,,
audit_001_0052,0001473,guardrail_edge,Is the visible elevated edge protected by a guardrail or equivalent barrier?,1200,900,violation,compliant,false,no,yes,true,0.11748625359901047,0.3399807184075133,150,florence_disagrees_with_bootstrap;bootstrap_nonambiguous;rule_applies,"The construction site of a tunnel structure. Ten workers are in the foreground of the image. Seven of them are on top of the rebar cage. Two of them are inside the scaffold structure. The last one is on the embankment on the right. There are about eight piles of rebars on the embankment. On the left, there is a pile of lumber. In the background, there are at least six more workers.",,"[[864,369,1188,792]]","[[864,369,1188,792]]",,,,,,,,,,,
audit_001_0053,0001520,guardrail_edge,Is the visible elevated edge protected by a guardrail or equivalent barrier?,900,1200,violation,compliant,false,no,yes,true,0.6071440126832109,0.10796347118869007,150,florence_disagrees_with_bootstrap;bootstrap_nonambiguous;rule_applies,"Two workers with red hard hats and blue coats are standing on top of a concrete platform at the left. Two workers with red hard hats and camouflage uniforms are standing on scaffolding made of metal tubes in the middle of the image. On top of the concrete platform, there are some stirrups and metal tubes on the ground.",,"[[45,180,531,960]]","[[45,180,531,960]]",,,,,,,,,,,
audit_001_0054,0001623,guardrail_edge,Is the visible elevated edge protected by a guardrail or equivalent barrier?,1200,900,violation,compliant,false,no,yes,true,0.7001566189017976,0.030814859330452176,150,florence_disagrees_with_bootstrap;bootstrap_nonambiguous;rule_applies,"Two concrete pump trucks are pouring concrete with their arms and hoses. A concrete truck is next to the two pump trucks and transferring concrete to the pump trucks respectively. In the foreground, there are some rebar cages and a metal tube scaffold. On the left, there are several workers with red hard hats.",,"[[36,576,1188,846]]","[[36,576,1188,846]]",,,,,,,,,,,
audit_001_0055,0001716,guardrail_edge,Is the visible elevated edge protected by a guardrail or equivalent barrier?,1280,960,violation,compliant,false,no,yes,true,0.3217575334888531,0.1667579177280647,150,florence_disagrees_with_bootstrap;bootstrap_nonambiguous;rule_applies,"A loader is carrying a full bucket of rocks. Two workers and the arm of an excavator are to the right of the loader. Seven workers are to the left of the loader. In the background, there is a worker with a red hard hat.",,"[[26,461,1254,874]]","[[26,461,1254,874]]",,,,,,,,,,,
audit_001_0056,0002150,guardrail_edge,Is the visible elevated edge protected by a guardrail or equivalent barrier?,1280,960,violation,compliant,false,no,yes,true,0.3620028027713384,0.11673956056110542,150,florence_disagrees_with_bootstrap;bootstrap_nonambiguous;rule_applies,"A dump truck is in the middle of the image next to a well with concrete side walls. There are three wells in a row. A worker with a blue hard hat is in the lower left of the image while the worker with a red hard hat is in the upper right. Next to the truck, there is a worker with a red hard hat next to a stack of metal pipes and an excavator.",,"[[474,355,1165,912]]","[[474,355,1165,912]]",,,,,,,,,,,
audit_001_0057,0002178,guardrail_edge,Is the visible elevated edge protected by a guardrail or equivalent barrier?,960,1280,violation,compliant,false,no,yes,true,0.23390911856989755,0.19369580895375615,150,florence_disagrees_with_bootstrap;bootstrap_nonambiguous;rule_applies,"A dump truck is dumping several giant rocks into a well with concrete side walls. Two workers are on two sides of the truck. In the background, there is an excavator and a loader with a bucket full of rocks on the left. An excavator, and a few metal pipes on the right.",,"[[67,563,902,909]]","[[67,563,902,909]]",,,,,,,,,,,
audit_001_0058,0003613,guardrail_edge,Is the visible elevated edge protected by a guardrail or equivalent barrier?,960,1280,violation,compliant,false,no,yes,true,0.2926673053722234,0.06375689300969739,150,florence_disagrees_with_bootstrap;bootstrap_nonambiguous;rule_applies,"The image shows a concrete mixer truck with its chute extended, pouring concrete into a deep pit. There are four individuals standing on the concrete platform. All individuals are wearing hard hats. The ground surrounding the platform is uneven and consists of exposed earth. A blue tarp is visible on the left side. There is a mountain in the background.",,"[[10,384,893,947]]","[[10,384,893,947]]",,,,,,,,,,,
audit_001_0059,0004111,guardrail_edge,Is the visible elevated edge protected by a guardrail or equivalent barrier?,1000,1000,violation,compliant,false,no,yes,true,0.16244030244140395,0.21779003650305034,150,florence_disagrees_with_bootstrap;bootstrap_nonambiguous;rule_applies,"The image shows a construction site with four workers wearing hard hats and safety vests. One worker in a red hard hat is walking towards the left side of the frame, while another in a yellow hard hat is following him. Two other workers are working on a foundation pit enclosed by concrete walls in the upper right corner One worker is in the pit while the other is at the edge of the pit. In the upper portion of the image, there is a row of 3 pits while the left one is covered with a concrete slab. The ground is uneven with exposed soil and rocks, and there is a whiteboard lying on the ground in the foreground. A slope is in the foreground.",,"[[10,320,980,840]]","[[10,320,980,840]]",,,,,,,,,,,
audit_001_0060,0004552,guardrail_edge,Is the visible elevated edge protected by a guardrail or equivalent barrier?,1200,675,violation,compliant,false,no,yes,true,0.1731427530954115,0.08689083084726522,150,florence_disagrees_with_bootstrap;bootstrap_nonambiguous;rule_applies,"The image shows a construction site with a deep trench. There are five workers visible; one wearing a red hard hat and camouflage clothing is standing in the foreground, looking into the trench. Two workers in the trench are handling large black corrugated pipes, and two other workers are observing from the edge of the trench on the left. There is an excavator at the top left of the image. Wooden planks are scattered in the foreground. A pile of rebars on the left is leaning on a buried pipe while another pile of rebars is leaning on the concrete platform. Green pipes are laid out on the ground near the trench and descend into the trench behind the workers. ",,"[[120,47,624,655]]","[[120,47,624,655]]",,,,,,,,,,,
audit_001_0061,0003813,struck_by_equipment,Is a worker unsafely close to active heavy equipment?,1200,800,violation,compliant,false,no,yes,true,0.13192709980695191,0.047598581911649424,150,florence_disagrees_with_bootstrap;bootstrap_nonambiguous;rule_applies,"The image shows a construction site with six workers visible, all wearing safety vests and hard hats. In the foreground, one worker is handling bricks near a partially constructed structure, while two others are standing. In the background, two workers are near a large pile of sand partially covered by blue tarps. On the right, the worker with a white hard hat is next to an excavator. In the background, two more excavators can be identified with their arms.",,"[[684,248,768,392]]","[[684,248,768,392]]",,,,,,,,,,,
audit_001_0062,0000149,fall_harness,Does the worker at height have visible fall-protection equipment?,906,765,violation,compliant,false,yes,yes,true,0.09547487256465585,0.005963248683776433,140,florence_disagrees_with_bootstrap;rule_applies;low_evidence_iou,A worker with a yellow hard hat and red safety vest is sitting on wooden scaffolding in front of the rebar cage while holding a rebar.,,"[[634,375,843,681]]","[[634,375,843,681]]",,,,,,,,,,,
audit_001_0063,0000332,fall_harness,Does the worker at height have visible fall-protection equipment?,1200,900,violation,compliant,false,yes,yes,true,0.0685763888888889,0.019894164415169033,140,florence_disagrees_with_bootstrap;rule_applies;low_evidence_iou,A worker with a red hard hat is working on a beam while standing on top of a metal scaffolding.,,"[[528,234,732,522]]","[[528,234,732,522]]",,,,,,,,,,,
audit_001_0064,0000874,fall_harness,Does the worker at height have visible fall-protection equipment?,907,765,violation,compliant,false,yes,yes,true,0.02885968520643443,0.075428307642698,140,florence_disagrees_with_bootstrap;rule_applies;low_evidence_iou,A worker with a yellow hard hat and a red coverall is sitting on his steps on top of a steel frame structure.,,"[[435,207,644,428]]","[[435,207,644,428]]",,,,,,,,,,,
audit_001_0065,0001065,fall_harness,Does the worker at height have visible fall-protection equipment?,1200,900,violation,compliant,false,yes,yes,true,0.03917050691244239,0.0127758452644912,140,florence_disagrees_with_bootstrap;rule_applies;low_evidence_iou,Two workers are standing on two different metal scaffoldings to reach the ceiling of a steel frame structure.,,"[[240,135,408,414],[660,486,744,621]]","[[240,135,408,414],[660,486,744,621]]",,,,,,,,,,,
audit_001_0066,0002367,fall_harness,Does the worker at height have visible fall-protection equipment?,1200,900,violation,compliant,false,yes,yes,true,0.0,0.16398001233212675,140,florence_disagrees_with_bootstrap;rule_applies;low_evidence_iou,"Two workers are on the ground. One of them is shoveling mud while the other one is holding a trolley. Two other workers are standing on a rebar leaning on the excavation bank. One of them is spraying shotcrete onto the wall of the excavation bank. On the left, there is a pile of metal tubes on the ground. On the right, a row of sheet piles is next to the scaffold. ",,"[[564,270,660,387]]","[[564,270,660,387]]",,,,,,,,,,,
audit_001_0067,0004113,fall_harness,Does the worker at height have visible fall-protection equipment?,1000,750,violation,compliant,false,yes,yes,true,0.0875,0.03999399954993249,140,florence_disagrees_with_bootstrap;rule_applies;low_evidence_iou,"The image shows a single worker wearing a red hard hat and light-colored clothing, who is engaged in construction work on a steel structure. The worker is kneeling on a steel beam and leaning forward to weld. The structure has multiple steel beams and columns, with some featuring rust or corrosion. In the background, there is an unfinished building with a similar steel frame. The ground beneath the structure is littered with debris and construction materials.",,"[[540,82,780,292]]","[[540,82,780,292]]",,,,,,,,,,,
audit_001_0068,0000991,guardrail_edge,Is the visible elevated edge protected by a guardrail or equivalent barrier?,1200,900,violation,compliant,false,yes,yes,true,0.0,0.3306727149984474,140,florence_disagrees_with_bootstrap;rule_applies;low_evidence_iou,"The image shows a trench. A loader is in the trench along with three workers. Three workers are climbing up the slope of rope mesh on the slope. A penthouse is on the bank. In the foreground, there are some hoses. ",,"[[600,45,1188,432]]","[[600,45,1188,432]]",,,,,,,,,,,
audit_001_0069,0001252,guardrail_edge,Is the visible elevated edge protected by a guardrail or equivalent barrier?,1200,900,violation,compliant,false,yes,yes,true,0.0,0.5465251849437295,140,florence_disagrees_with_bootstrap;rule_applies;low_evidence_iou,"Two workers with yellow hard hats are in the excavation pit next to the bank. They are in front of a rebar wall. A stack of straight rebars is leaning on the slope. On top of the bank, there is another pile of rebars. On the left, there is a row of board piles. ",,"[[900,81,1188,846]]","[[900,81,1188,846]]",,,,,,,,,,,
audit_001_0070,0001274,guardrail_edge,Is the visible elevated edge protected by a guardrail or equivalent barrier?,960,1280,violation,compliant,false,yes,yes,true,0.0,0.4067815032744852,140,florence_disagrees_with_bootstrap;rule_applies;low_evidence_iou,"A concrete truck is dumping liquid concrete into a pond below a tall brick wall. Two workers with burgundy hard hats are helping the truck, standing on top of the tall brick wall.",,"[[614,141,845,1254]]","[[614,141,845,1254]]",,,,,,,,,,,
audit_001_0071,0001436,guardrail_edge,Is the visible elevated edge protected by a guardrail or equivalent barrier?,1200,900,violation,compliant,false,yes,yes,true,0.033383879209124216,0.37643267068036956,140,florence_disagrees_with_bootstrap;rule_applies;low_evidence_iou,"An excavator is on the right of the image. On the left, there is a worker with a yellow hard hat holding a shovel.",,"[[24,369,1188,801]]","[[24,369,1188,801]]",,,,,,,,,,,
audit_001_0072,0001484,guardrail_edge,Is the visible elevated edge protected by a guardrail or equivalent barrier?,1200,675,violation,compliant,false,yes,yes,true,0.0,0.54210881292514,140,florence_disagrees_with_bootstrap;rule_applies;low_evidence_iou,"A worker with a blue hard hat is standing on an earthen slope next to a pile of metal tubes. In the trench, there is a concrete pipeline. In the background, a tower crane and an excavator can be seen.",,"[[732,54,1164,668]]","[[732,54,1164,668]]",,,,,,,,,,,
audit_001_0073,0001667,guardrail_edge,Is the visible elevated edge protected by a guardrail or equivalent barrier?,1200,900,violation,compliant,false,yes,yes,true,0.08964525407478427,0.31249142210449377,140,florence_disagrees_with_bootstrap;rule_applies;low_evidence_iou,"An excavator is in an excavation pit along with two workers. On the right bank of the pit, three people are visible. ",,"[[780,198,1176,819]]","[[780,198,1176,819]]",,,,,,,,,,,
audit_001_0074,0001798,guardrail_edge,Is the visible elevated edge protected by a guardrail or equivalent barrier?,4000,3000,violation,compliant,false,yes,yes,true,0.0,0.3646536987334696,140,florence_disagrees_with_bootstrap;rule_applies;low_evidence_iou,"Some vehicles are parked on a platform covered with snow in a mountainous region. On the right, there are two dump trucks.",,"[[1360,1770,3840,2160]]","[[1360,1770,3840,2160]]",,,,,,,,,,,
audit_001_0075,0002066,guardrail_edge,Is the visible elevated edge protected by a guardrail or equivalent barrier?,907,765,violation,compliant,false,yes,yes,true,0.04672798764218509,0.3609633054608187,140,florence_disagrees_with_bootstrap;rule_applies;low_evidence_iou,An excavator is on the left. Three workers with yellow hard hats are next to the excavator. An embankment is on the right. ,,"[[236,31,898,719]]","[[236,31,898,719]]",,,,,,,,,,,
audit_001_0076,0001033,struck_by_equipment,Is a worker unsafely close to active heavy equipment?,1200,900,violation,compliant,false,yes,yes,true,0.0,0.349965077622833,140,florence_disagrees_with_bootstrap;rule_applies;low_evidence_iou,"An excavator and a driver is in the middle of the image. A worker with a blue hard hat is on the left. In the background, there is a residential area with condominiums.",,"[[84,603,240,801]]","[[84,603,240,801]]",,,,,,,,,,,
audit_001_0077,0002042,struck_by_equipment,Is a worker unsafely close to active heavy equipment?,1200,900,violation,compliant,false,yes,yes,true,0.0,0.4331845898562054,140,florence_disagrees_with_bootstrap;rule_applies;low_evidence_iou,"An excavator has a bucket of soil. On the left, there is a worker with a blue hard hat.",,"[[0,549,72,774]]","[[0,549,72,774]]",,,,,,,,,,,
audit_001_0078,0003088,struck_by_equipment,Is a worker unsafely close to active heavy equipment?,1200,900,violation,compliant,false,yes,yes,true,0.0,0.2980277764832593,140,florence_disagrees_with_bootstrap;rule_applies;low_evidence_iou,A blue excavator is in the middle. A worker with a blue hard hat is on left.,,"[[120,603,252,801]]","[[120,603,252,801]]",,,,,,,,,,,
audit_001_0079,0004196,struck_by_equipment,Is a worker unsafely close to active heavy equipment?,1200,900,violation,compliant,false,yes,yes,true,0.0,0.3687191041670851,140,florence_disagrees_with_bootstrap;rule_applies;low_evidence_iou,"The image shows a construction site with one worker visible in the foreground, wearing a blue hard hat and standing next to a green fabric or tarp on the ground. Behind the worker is a yellow barrier. An excavator with an operator inside is in the middle of the image. In the background, there are residential buildings with multiple balconies. The sky is clear.",,"[[48,621,156,801]]","[[48,621,156,801]]",,,,,,,,,,,
audit_001_0080,0000032,struck_by_equipment,Is a worker unsafely close to active heavy equipment?,1200,900,compliant,violation,false,no,uncertain,false,,,130,florence_disagrees_with_bootstrap;bootstrap_nonambiguous,"There is one excavator, one bulldozer, one dump truck, a piece of half-occluded unknown construction equipment at the 
right of the image, and a loader to the farther side of the construction site. On the left, there are three concrete pipes.",,[],[],,,,,,,,,,,
audit_001_0081,0000035,struck_by_equipment,Is a worker unsafely close to active heavy equipment?,1200,900,compliant,violation,false,no,uncertain,false,,,130,florence_disagrees_with_bootstrap;bootstrap_nonambiguous,"There are three excavators in the center of the image. There is a truck on the left of the image. 
The background is some unfinished buildings and three tower cranes.",,[],[],,,,,,,,,,,
audit_001_0082,0000062,struck_by_equipment,Is a worker unsafely close to active heavy equipment?,1200,675,compliant,violation,false,no,uncertain,false,,,130,florence_disagrees_with_bootstrap;bootstrap_nonambiguous,"In the center of the image, an excavator is shoveling dirt and loading two dump trucks. ",,[],[],,,,,,,,,,,
audit_001_0083,0000069,struck_by_equipment,Is a worker unsafely close to active heavy equipment?,1280,960,compliant,violation,false,no,uncertain,false,,,130,florence_disagrees_with_bootstrap;bootstrap_nonambiguous,"One excavator and six people are in the center of the image. To the left, there are some dark red pipes. There are also two dump trucks passing by in the background, but the trucks are occluded by the terrain. ",,[],[],,,,,,,,,,,
audit_001_0084,0000106,struck_by_equipment,Is a worker unsafely close to active heavy equipment?,1200,900,compliant,violation,false,no,uncertain,false,,,130,florence_disagrees_with_bootstrap;bootstrap_nonambiguous,Two workers with red or white hard hats are standing next to an excavator.,,[],[],,,,,,,,,,,
audit_001_0085,0000183,struck_by_equipment,Is a worker unsafely close to active heavy equipment?,1200,900,compliant,violation,false,no,uncertain,false,,,130,florence_disagrees_with_bootstrap;bootstrap_nonambiguous,An excavator is in the middle of the image. There are three workers with yellow or red hard hats near the excavator. ,,[],[],,,,,,,,,,,
audit_001_0086,0000186,struck_by_equipment,Is a worker unsafely close to active heavy equipment?,1200,900,compliant,violation,false,no,uncertain,false,,,130,florence_disagrees_with_bootstrap;bootstrap_nonambiguous,An excavator is loading a dump truck next to an asphalt road.,,[],[],,,,,,,,,,,
audit_001_0087,0000248,struck_by_equipment,Is a worker unsafely close to active heavy equipment?,720,960,compliant,violation,false,no,uncertain,false,,,130,florence_disagrees_with_bootstrap;bootstrap_nonambiguous,Two workers with red hard hats are standing on top of a concrete pipe. The bucket of an excavator is pouring fresh concrete to the pipe.,,[],[],,,,,,,,,,,
audit_001_0088,0000270,struck_by_equipment,Is a worker unsafely close to active heavy equipment?,1000,750,compliant,violation,false,no,uncertain,false,,,130,florence_disagrees_with_bootstrap;bootstrap_nonambiguous,There is a concrete truck and an excavator at the muddy construction site. ,,[],[],,,,,,,,,,,
audit_001_0089,0000282,struck_by_equipment,Is a worker unsafely close to active heavy equipment?,1200,900,compliant,violation,false,no,uncertain,false,,,130,florence_disagrees_with_bootstrap;bootstrap_nonambiguous,There are four excavators at the muddy construction site. A dump truck is in the background. ,,[],[],,,,,,,,,,,
audit_001_0090,0000294,struck_by_equipment,Is a worker unsafely close to active heavy equipment?,1200,900,compliant,violation,false,no,uncertain,false,,,130,florence_disagrees_with_bootstrap;bootstrap_nonambiguous,"There are two excavators and one dump truck in the foreground. In the background, there are about seven tower cranes visible. ",,[],[],,,,,,,,,,,
audit_001_0091,0000358,struck_by_equipment,Is a worker unsafely close to active heavy equipment?,1200,800,compliant,violation,false,no,uncertain,false,,,130,florence_disagrees_with_bootstrap;bootstrap_nonambiguous,"Two fully loaded dump trucks are dumping the soil they carry. In the background, the arm and boom of an excavator are visible. There are two piles of pipes, one of them is concrete pipes while the other one is black pipes. There are also two tower cranes across the river. ",,[],[],,,,,,,,,,,
audit_001_0092,0000380,struck_by_equipment,Is a worker unsafely close to active heavy equipment?,1200,800,compliant,violation,false,no,uncertain,false,,,130,florence_disagrees_with_bootstrap;bootstrap_nonambiguous,"An excavator is in the foreground. In the background, there are five tower cranes visible. ",,[],[],,,,,,,,,,,
audit_001_0093,0000395,struck_by_equipment,Is a worker unsafely close to active heavy equipment?,1200,675,compliant,violation,false,no,uncertain,false,,,130,florence_disagrees_with_bootstrap;bootstrap_nonambiguous,"There are two excavators, one dump truck, and one loader at the dusty construction site. ",,[],[],,,,,,,,,,,
audit_001_0094,0000400,struck_by_equipment,Is a worker unsafely close to active heavy equipment?,1200,900,compliant,violation,false,no,uncertain,false,,,130,florence_disagrees_with_bootstrap;bootstrap_nonambiguous,A sheet pile driver on the chassis of a red excavator is driving board piles into the ground. There is a row of erected sheet piles next to the excavator. A worker with a blue hard hat is next to the excavator. A line of blue metal fences is in the background. There is one tower cranes in the upper right corner of the image. ,,[],[],,,,,,,,,,,
audit_001_0095,0000442,struck_by_equipment,Is a worker unsafely close to active heavy equipment?,1280,960,compliant,violation,false,no,uncertain,false,,,130,florence_disagrees_with_bootstrap;bootstrap_nonambiguous,Three workers with red or burgundy hard hats are in the foreground of the image. A mini excavator is in front of the workers. The worker who holds a hose to water the rocks is occluded by the excavator. The rocks are in the bucket of a loader next to the excavator. A mobile crane and a white light truck are on the other side of the rock hill. ,,[],[],,,,,,,,,,,
audit_001_0096,0000467,struck_by_equipment,Is a worker unsafely close to active heavy equipment?,1200,900,compliant,violation,false,no,uncertain,false,,,130,florence_disagrees_with_bootstrap;bootstrap_nonambiguous,"There is a pile of pipes on the left of the image. From the image, the arm and boom of an excavator are visible. Two arms from two concrete pump trucks can also be seen. On the right, there are two workers with red hard hats. ",,[],[],,,,,,,,,,,
audit_001_0097,0000494,struck_by_equipment,Is a worker unsafely close to active heavy equipment?,900,1200,compliant,violation,false,no,uncertain,false,,,130,florence_disagrees_with_bootstrap;bootstrap_nonambiguous,There is a concrete pipeline in the middle of the image. There is a worker with a red hard hat standing next to a pipe working on two strings. The arm and bucket of an exccavator is hanging from above. ,,[],[],,,,,,,,,,,
audit_001_0098,0000504,struck_by_equipment,Is a worker unsafely close to active heavy equipment?,1200,900,compliant,violation,false,no,uncertain,false,,,130,florence_disagrees_with_bootstrap;bootstrap_nonambiguous,An excavator resting on a hillside is loading two dump trucks at a construction site. ,,[],[],,,,,,,,,,,
audit_001_0099,0001699,fall_harness,Does the worker at height have visible fall-protection equipment?,1200,722,violation,compliant,false,yes,yes,true,0.19025157232704404,0.013585763262548059,120,florence_disagrees_with_bootstrap;rule_applies,Four workers are working in a trench. A worker with a red hard hat is standing on a plank on the scaffold. Three other workers with orange uniforms are on the bottom. There is a pile of metal tubes on the ground.,,"[[780,65,900,224]]","[[780,65,900,224]]",,,,,,,,,,,
audit_001_0100,0003479,fall_harness,Does the worker at height have visible fall-protection equipment?,675,1200,violation,compliant,false,yes,yes,true,0.32941176470588235,0.018363656246919567,120,florence_disagrees_with_bootstrap;rule_applies,"The image shows a construction site with two workers visible. The workers are wearing red hard hats, and are crouching on the top level of the scaffold while working on the installation or inspection of vertical metal studs that are part of a wall framework. The environment includes concrete structural elements above and to the sides, and there is a network of scaffolding below the worker. The site is enclosed with a translucent green mesh.",,"[[371,288,601,492]]","[[371,288,601,492]]",,,,,,,,,,,
audit_001_0101,0000140,fall_harness,Does the worker at height have visible fall-protection equipment?,1080,1440,compliant,violation,false,yes,uncertain,false,,,110,florence_disagrees_with_bootstrap;missing_predicted_evidence,Nine workers with yellow or white hard hats are leveling the concrete at a construction site. The concrete was poured by a hose through a conveyor belt. There are some rebars on the right of the image. ,,[],[],,,,,,,,,,,
audit_001_0102,0000033,fall_harness,Does the worker at height have visible fall-protection equipment?,907,765,compliant,violation,false,yes,uncertain,false,,,100,florence_disagrees_with_bootstrap,"The top of a concrete structure. There is a worker with a yellow hard hat and a red uniform on the right. 
On the left, there is a pile of rebars, a roll of coiled rebar, a pile of wood board, a pile of dimensional lumber, a pile of red scaffold, and a pile of blue fences on the ground.  ",,[],[],,,,,,,,,,,
audit_001_0103,0000042,fall_harness,Does the worker at height have visible fall-protection equipment?,1200,900,compliant,violation,false,yes,uncertain,false,,,100,florence_disagrees_with_bootstrap,"Eight workers with yellow hard hats are working at the bottom of an excavated site. Some workers are working with rebars 
and stirrups, there are some stirrups placed ground on the right of the image. ",,[],[],,,,,,,,,,,
audit_001_0104,0000060,fall_harness,Does the worker at height have visible fall-protection equipment?,960,720,compliant,violation,false,yes,uncertain,false,,,100,florence_disagrees_with_bootstrap,"Two workers are laying bricks. In the background, there are piles of wood boards and dimensional lumber.",,[],[],,,,,,,,,,,
audit_001_0105,0000084,fall_harness,Does the worker at height have visible fall-protection equipment?,1200,900,compliant,violation,false,yes,uncertain,false,,,100,florence_disagrees_with_bootstrap,"Two bundles of rebars are lying on the ground. There are three people in the image, one of them is wearing a yellow hard hat while bending down.",,[],[],,,,,,,,,,,
audit_001_0106,0000154,fall_harness,Does the worker at height have visible fall-protection equipment?,2560,1920,compliant,violation,false,yes,uncertain,false,,,100,florence_disagrees_with_bootstrap,Eight workers with yellow or red hard hats and blue jackets are at a muddy query. There is a pile of wood board by the entrance of a tunnel.,,[],[],,,,,,,,,,,
audit_001_0107,0000286,fall_harness,Does the worker at height have visible fall-protection equipment?,1200,900,compliant,violation,false,yes,uncertain,false,,,100,florence_disagrees_with_bootstrap,Three workers with yellow hard hats and orange suits are working on top of a tunnel-like structure. A worker is pouring concrete with a hose hanging from above. ,,[],[],,,,,,,,,,,
audit_001_0108,0000498,fall_harness,Does the worker at height have visible fall-protection equipment?,1200,900,compliant,violation,false,yes,uncertain,false,,,100,florence_disagrees_with_bootstrap,"Eleven workers with yellow and blue hard hats are working at a construction site. They are working on an installed rebar structure. The three workers in the foreground are wearing eye protection such as face screens and sunglasses. On the right side of the image, there is a bundle of steel rebars. ",,[],[],,,,,,,,,,,
audit_001_0109,0000516,fall_harness,Does the worker at height have visible fall-protection equipment?,906,765,compliant,violation,false,yes,uncertain,false,,,100,florence_disagrees_with_bootstrap,"Four workers with yellow hard hats and red coveralls are standing next to a steel frame structure. They are standing in a scaffold surrounded by blue fences. On the upper side of the image, there is an elevated platform from the hill fenced with metal fences. The body of a person with a yellow safety vest can be seen. ",,[],[],,,,,,,,,,,
audit_001_0110,0000532,fall_harness,Does the worker at height have visible fall-protection equipment?,1200,900,compliant,violation,false,yes,uncertain,false,,,100,florence_disagrees_with_bootstrap,"Five tower cranes are in the image. On the right of the image, there is an unfinished structure surrounded by scaffolding. There are three workers with yellow or red hard hats working on the scaffolding. There is a worker with a yellow hard hat and a yellow safety vest on the ground near the scaffolding. There are also multiple piles dimensional lumber near the worker. In the middle of the image, there is a mobile crane with its boom extended. On the left of the image, there are two workers with yellow hard hats. There is a pile of dimensional lumber near them. In the foreground, some materials are covered by cloth, it seems rebars. ",,[],[],,,,,,,,,,,
audit_001_0111,0000537,fall_harness,Does the worker at height have visible fall-protection equipment?,1200,900,compliant,violation,false,yes,uncertain,false,,,100,florence_disagrees_with_bootstrap,"23 workers with yellow, red, or white hard hats and different-colored safety vests are working on the rebar structure in the excavation pit. Outside the excavation pit and behind the orange fences, there are three workers with yellow hard hats and yellow vests. At the right corner of the site, several cylinders are leaning on the slope. On the left of the image, there is the base of a tower crane. In the background, three tower crane booms are visible. ",,[],[],,,,,,,,,,,
audit_001_0112,0000542,fall_harness,Does the worker at height have visible fall-protection equipment?,1200,900,compliant,violation,false,yes,uncertain,false,,,100,florence_disagrees_with_bootstrap,"Nine workers with yellow hard hats are on top of a rebar structure. One worker is hanging a piece of blue fabric on the metal fence. In the background, there is another construction site with two people and a mobile crane visible on the left of the site. To the left of the site is a dirt hill covered with blue fabric.  ",,[],[],,,,,,,,,,,
audit_001_0113,0000014,struck_by_equipment,Is a worker unsafely close to active heavy equipment?,1200,900,compliant,violation,false,yes,uncertain,false,,,100,florence_disagrees_with_bootstrap,"The image of a construction site. An excavator is loading a piece of metal board to a dump truck parked next to it.
There is another dump truck entering the construction site from the gate.",,[],[],,,,,,,,,,,
audit_001_0114,0000017,struck_by_equipment,Is a worker unsafely close to active heavy equipment?,1200,900,compliant,violation,false,yes,uncertain,false,,,100,florence_disagrees_with_bootstrap,"There are five excavators and a dump truck at the construction site. Three excavators are working in mud. 
There are two tower cranes and several tall buildings at the background.",,[],[],,,,,,,,,,,
audit_001_0115,0000044,struck_by_equipment,Is a worker unsafely close to active heavy equipment?,1200,900,compliant,violation,false,yes,uncertain,false,,,100,florence_disagrees_with_bootstrap,"In the middle, there are several piles of dirt. There is an excavator on the right of the image.",,[],[],,,,,,,,,,,
audit_001_0116,0000048,struck_by_equipment,Is a worker unsafely close to active heavy equipment?,1200,900,compliant,violation,false,yes,uncertain,false,,,100,florence_disagrees_with_bootstrap,One excavator and one bulldozer are in the middle of the image. There is a river and several buildings in the background. ,,[],[],,,,,,,,,,,
audit_001_0117,0000051,struck_by_equipment,Is a worker unsafely close to active heavy equipment?,320,240,compliant,violation,false,yes,uncertain,false,,,100,florence_disagrees_with_bootstrap,The bucket of an excavator is shoveling rocks.,,[],[],,,,,,,,,,,
audit_001_0118,0000073,struck_by_equipment,Is a worker unsafely close to active heavy equipment?,1200,900,compliant,violation,false,yes,uncertain,false,,,100,florence_disagrees_with_bootstrap,An excavator is digging the ground. There are some buildings in the background.,,[],[],,,,,,,,,,,
audit_001_0119,0000993,fall_harness,Does the worker at height have visible fall-protection equipment?,1000,1000,violation,violation,true,no,yes,true,0.12266666666666666,0.005700877125495689,50,bootstrap_nonambiguous;rule_applies,The lower left of the image shows a group of eleven workers working on top of a wood scaffolding. The lower part of the scaffolding is fenced by blue medal fences while the upper part is not fenced. There is a tower crane to the right. And there is another elevated and fenced platform on the upper right corner of the image.,,"[[30,380,190,600],[200,430,320,580],[410,470,520,620],[310,670,390,760]]","[[30,380,190,600],[200,430,320,580],[410,470,520,620],[310,670,390,760]]",,,,,,,,,,,
audit_001_0120,0001530,fall_harness,Does the worker at height have visible fall-protection equipment?,1200,900,violation,violation,true,no,yes,true,0.2297979797979798,0.02773886162848873,50,bootstrap_nonambiguous;rule_applies,Seven workers are working on a brick building project. One worker with a red hard hat is on the roof of the building. Three workers with red hard hats are standing on top of a metal scaffolding. One worker with a yellow hard hat is crawling across the middle racks of the scaffolding. The jib of a tower crane can be seen at the top of the image. ,,"[[408,216,636,495],[612,405,744,648]]","[[408,216,636,495],[612,405,744,648]]",,,,,,,,,,,
