audit_id,image_id,rule_id,annotator_1_answer_label,annotator_1_ambiguous,annotator_1_notes,annotator_2_answer_label,annotator_2_ambiguous,annotator_2_notes,adjudication_status
audit_001_0015,0000068,ppe_hard_hat,uncertain,yes,Two figures near gate appear helmeted; green-uniformed person's headwear is unclear and the gate context may not require hard hats.,compliant,yes,"Looks like both are wearing helmets to me, though the one in green is hard to read for sure.",needs_review
audit_001_0051,0001087,guardrail_edge,violation,yes,"Workers sit and walk along the excavation crest with no guardrail; the lined slope is inclined, so exposure is partly mitigated.",compliant,no,"That's a lined, graded batter, not a sheer drop. Normal walkable slope, not really a guardrail situation.",needs_review
audit_001_0059,0004111,guardrail_edge,violation,yes,Road edge above a steep rock slope lacks effective barriers; a displaced panel lies below the crest while workers use the road.,compliant,no,"That's a graded slope running beside the road, not an unprotected vertical edge. Normal site condition.",needs_review
audit_001_0061,0003813,struck_by_equipment,uncertain,yes,Worker in high-vis stands near the excavator's working radius but the machine's swing state and exact distance are not clearly resolvable.,compliant,no,"Worker's off to the side and forward of the machine while it's digging, that's a normal working position, not in the swing path.",needs_review
audit_001_0068,0000991,guardrail_edge,violation,yes,Workers climb the reinforced slope face with no guardrail at the crest; the graded slope somewhat mitigates fall severity.,compliant,no,"Guys are climbing a graded slope face, that's normal site access, not an open unprotected edge.",needs_review
audit_001_0069,0001252,guardrail_edge,violation,yes,Steep reinforced embankment crest near the equipment has no barrier; slope grade partly mitigates the drop.,compliant,no,"Same deal, that's a graded embankment, not a sheer edge needing a rail.",needs_review
audit_001_0072,0001484,guardrail_edge,uncertain,yes,Worker is on flat ground beside graded embankments rather than a clear vertical drop; no distinct unprotected edge is evident.,compliant,no,"Worker's on flat ground next to a graded bank, not standing at any real drop-off.",needs_review
audit_001_0073,0001667,guardrail_edge,uncertain,yes,Excavation has sloped side walls and no worker is positioned at a clear unprotected vertical edge in this frame.,compliant,no,Excavation's got sloped walls and nobody's standing at a hard edge in this shot.,needs_review
audit_001_0089,0000282,struck_by_equipment,uncertain,yes,Possible distant figures near the background equipment are too small and far to judge proximity to any operating machine.,compliant,no,Nothing clear enough in the background to call anyone a worker in danger here.,needs_review
audit_001_0101,0000140,fall_harness,uncertain,yes,"Crew works on an elevated slab pour but stays well away from any visible open edge, so fall-protection need and harness visibility cannot be confidently judged.",violation,no,That's a suspended deck pour well above grade and nobody on the whole crew's got a harness on.,needs_review
audit_001_0114,0000017,struck_by_equipment,violation,yes,"A possible ground worker stands between two operating excavators; the figure is small and distant, limiting certainty of exact proximity.",compliant,yes,What might be a figure between the two machines is too faint and small to call a worker for sure.,needs_review
audit_001_0117,0000051,struck_by_equipment,uncertain,yes,"Extremely tight, low-resolution crop on the bucket and rock pile leaves no visible context to judge whether a worker is nearby.",compliant,no,Nobody's visible in this tight crop of the bucket and rock pile.,needs_review
