metric_id,label,condition,point,lo,hi,n,ci,notes,p_value,effect_size,effect_name
task_sensitivity,Violation sensitivity,Overall,0.30973451327433627,0.23008849557522124,0.39823008849557523,113,0.95,,,,
task_specificity,Compliant specificity,Overall,0.66,0.52,0.78,50,0.95,,,,
worker_top1,Worker selected as top region,Area baseline,0.5031446540880503,0.4276729559748428,0.5786163522012578,159,0.95,,,,
worker_top1,Worker selected as top region,Rule-aware,0.006289308176100629,0.0,0.018867924528301886,159,0.95,,,,
rule_aware_flip_raw,Rule-aware top-region answer change,Raw,0.38650306748466257,0.3128834355828221,0.4601226993865031,163,0.95,,,,
rule_aware_flip_corrected,Rule-aware top-region answer change,Worker-loss corrected,0.37423312883435583,0.3006134969325153,0.44785276073619634,163,0.95,,,,
answer_change,Answer change,Targeted,0.3924050632911392,0.31645569620253167,0.46835443037974683,158,0.95,,,,
answer_change,Answer change,Matched random,0.09240506329113923,0.05696202531645571,0.13164556962025317,158,0.95,,,,
genuine_answer_change,Worker-loss-corrected answer change,Targeted,0.379746835443038,0.3037974683544304,0.45569620253164556,158,0.95,,,,
genuine_answer_change,Worker-loss-corrected answer change,Matched random,0.08734177215189873,0.053164556962025315,0.12405063291139241,158,0.95,,,,
centroid_drift,Normalized centroid drift,Targeted,0.1963922417909106,0.1698210875088079,0.2221065835403371,150,0.95,,,,
centroid_drift,Normalized centroid drift,Matched random,0.03119060678813216,0.02060537592652616,0.04312447914521604,154,0.95,,,,
disappearance,Explanation disappearance,Targeted,0.05063291139240506,0.0189873417721519,0.08860759493670886,158,0.95,,,,
disappearance,Explanation disappearance,Matched random,0.03670886075949367,0.01139240506329114,0.0670886075949367,158,0.95,,,,
answer_change_sensitivity,Answer change in low-overlap matched controls,"Matched random, mask-target IoU <= 0.05",0.08,0.045714285714285714,0.11857142857142858,140,0.95,Sensitivity analysis; 140 images retained.,,,
stable_iou_failure,Stable-answer IoU failure,Per-image mean,0.2211513346007017,0.19172383655374164,0.2511872700084725,158,0.95,,,,
stable_centroid_relocation,Stable-answer genuine relocation,Per-image mean,0.12252543518366302,0.1009298081489537,0.14488189596971243,158,0.95,,,,
