image_id,primary_class,assigned_rule_id,image_width,image_height,has_worker_box,has_object_box,target_box,target_area_fraction
0000007,ppe_violation,rule_1,2048,1536,True,True,"[982, 225, 1199, 406]",0.012485822041829428
0000022,compliant,rule_3,907,765,True,True,"[0, 0, 779, 764]",0.8577527004921778
0000023,compliant,rule_1,1200,900,False,True,"[602, 298, 617, 312]",0.00019444444444444443
0000034,compliant,rule_2,1000,750,True,True,"[490, 330, 520, 407]",0.00308
0000037,compliant,rule_1,1200,900,True,True,"[1183, 6, 1198, 32]",0.0003611111111111111
0000057,compliant,rule_1,1200,900,True,True,"[118, 375, 145, 396]",0.000525
0000069,compliant,rule_1,1280,960,True,True,"[506, 539, 538, 567]",0.0007291666666666667
0000074,compliant,rule_2,1200,900,True,True,"[406, 726, 437, 790]",0.001837037037037037
0000079,fall_hazard,rule_3,1200,900,True,True,"[1, 457, 1198, 676]",0.242725
0000081,compliant,rule_3,1200,900,True,True,"[1, 404, 1198, 899]",0.548625
0000102,ppe_violation,rule_1,1200,900,True,True,"[225, 563, 256, 588]",0.0007175925925925926
0000116,ppe_violation,rule_1,1536,2048,True,True,"[561, 529, 704, 656]",0.005773226420084636
0000117,fall_hazard,rule_3,960,1280,True,True,"[0, 534, 959, 1278]",0.58064453125
0000120,struck_by_risk,rule_4,1200,900,True,True,"[69, 360, 391, 606]",0.07334444444444445
0000124,compliant,rule_2,1200,900,True,True,"[356, 355, 553, 491]",0.024807407407407406
0000129,compliant,rule_1,900,1200,True,True,"[706, 655, 725, 668]",0.0002287037037037037
0000149,fall_hazard,rule_2,906,765,True,True,"[696, 486, 767, 572]",0.008809822678151467
0000183,compliant,rule_1,1200,900,True,True,"[886, 330, 898, 338]",8.888888888888889e-05
0000203,fall_hazard,rule_3,1200,900,True,True,"[1, 448, 515, 530]",0.03902592592592593
0000204,compliant,rule_1,900,1200,True,True,"[0, 524, 860, 1069]",0.43398148148148147
0000205,compliant,rule_4,900,1200,True,True,"[16, 429, 899, 1198]",0.6287287037037037
0000229,ppe_violation,rule_1,1200,675,True,True,"[571, 268, 591, 285]",0.0004197530864197531
0000233,ppe_violation,rule_1,1200,900,True,True,"[130, 404, 145, 416]",0.00016666666666666666
0000253,fall_hazard,rule_3,960,1280,False,False,,
0000254,compliant,rule_3,1200,900,True,True,"[155, 484, 1198, 899]",0.4007824074074074
0000280,compliant,rule_2,1200,900,True,True,"[41, 358, 1099, 666]",0.30172592592592595
0000288,compliant,rule_2,1200,900,True,True,"[466, 472, 865, 759]",0.10603055555555556
0000325,compliant,rule_4,1200,900,True,True,"[261, 590, 512, 792]",0.0469462962962963
0000327,struck_by_risk,rule_4,673,1200,True,True,"[72, 274, 479, 782]",0.25601287766220904
0000331,struck_by_risk,rule_4,900,1200,True,True,"[26, 339, 565, 784]",0.22208796296296296
0000332,fall_hazard,rule_2,1200,900,True,True,"[595, 382, 674, 433]",0.0037305555555555555
0000341,compliant,rule_3,1200,900,True,True,"[148, 343, 1025, 831]",0.39627407407407406
0000361,fall_hazard,rule_3,894,912,False,False,,
0000370,fall_hazard,rule_3,1280,960,True,True,"[1, 571, 429, 959]",0.13514322916666666
0000376,fall_hazard,rule_3,900,1200,True,True,"[0, 363, 342, 736]",0.11811666666666666
0000413,compliant,rule_2,1200,900,True,True,"[80, 95, 613, 899]",0.3967888888888889
0000421,fall_hazard,rule_3,960,1280,True,True,"[0, 478, 263, 993]",0.11022542317708334
0000433,compliant,rule_4,1200,900,True,True,"[443, 50, 765, 711]",0.19707592592592593
0000437,ppe_violation,rule_1,1200,900,True,True,"[320, 387, 341, 407]",0.00038888888888888887
0000444,compliant,rule_2,1200,900,True,True,"[37, 81, 974, 694]",0.5318342592592593
0000468,fall_hazard,rule_3,1200,900,True,True,"[1, 417, 556, 702]",0.14645833333333333
0000469,ppe_violation,rule_1,900,1200,True,True,"[202, 500, 301, 597]",0.008891666666666668
0000471,compliant,rule_4,1200,900,True,True,"[178, 109, 1119, 899]",0.688324074074074
0000478,fall_hazard,rule_3,1200,900,True,True,"[1, 251, 707, 684]",0.2830537037037037
0000486,compliant,rule_4,900,1200,True,True,"[0, 1, 899, 1198]",0.9963916666666667
0000490,struck_by_risk,rule_4,1200,900,True,True,"[401, 444, 825, 740]",0.11620740740740741
0000503,compliant,rule_3,1200,900,True,True,"[863, 371, 1198, 440]",0.021402777777777778
0000514,compliant,rule_1,1200,900,True,True,"[327, 201, 411, 280]",0.0061444444444444446
0000530,compliant,rule_4,1000,1000,True,True,"[738, 620, 850, 748]",0.014336
0000545,ppe_violation,rule_1,1200,900,True,True,"[791, 515, 903, 612]",0.010059259259259259
0000550,fall_hazard,rule_3,1200,900,True,True,"[1, 526, 221, 899]",0.07598148148148148
0000551,compliant,rule_4,540,720,False,True,"[325, 0, 486, 543]",0.22485339506172838
0000559,compliant,rule_4,900,1200,True,True,"[154, 371, 561, 761]",0.14697222222222223
0000568,compliant,rule_1,1024,768,True,True,"[443, 143, 503, 184]",0.0031280517578125
0000606,fall_hazard,rule_3,1200,900,True,True,"[1, 292, 610, 899]",0.34228055555555553
0000613,compliant,rule_4,1200,900,False,True,"[335, 190, 701, 566]",0.12742222222222221
0000620,compliant,rule_2,1080,1440,False,False,,
0000623,ppe_violation,rule_1,1280,960,True,True,"[812, 138, 883, 191]",0.0030623372395833333
0000625,compliant,rule_3,1920,1080,True,True,"[1, 1, 1917, 1078]",0.9951446759259259
0000626,fall_hazard,rule_3,1200,900,True,True,"[1, 251, 353, 446]",0.06355555555555556
0000632,compliant,rule_3,1200,800,True,True,"[1, 483, 1198, 799]",0.3940125
0000641,ppe_violation,rule_1,1200,675,True,True,"[986, 266, 1090, 366]",0.012839506172839505
0000642,compliant,rule_2,1200,674,True,True,"[439, 232, 495, 420]",0.013016815034619189
0000745,compliant,rule_3,1200,900,True,True,"[135, 237, 1106, 765]",0.4747111111111111
0000755,compliant,rule_1,1200,900,True,True,"[977, 533, 992, 547]",0.00019444444444444443
0000760,compliant,rule_1,1200,900,True,True,"[827, 501, 915, 564]",0.0051333333333333335
0000766,ppe_violation,rule_1,1200,675,True,True,"[50, 379, 74, 401]",0.0006518518518518518
0000798,compliant,rule_3,1200,900,True,True,"[1, 60, 1198, 363]",0.335825
0000804,compliant,rule_1,907,765,False,True,"[527, 615, 579, 670]",0.00412189866758905
0000874,fall_hazard,rule_2,907,765,True,True,"[539, 215, 582, 246]",0.0019211506726909801
0000878,struck_by_risk,rule_4,900,1200,True,True,"[0, 1, 899, 1198]",0.9963916666666667
0000879,compliant,rule_1,1200,900,True,True,"[872, 378, 902, 404]",0.0007222222222222222
0000886,compliant,rule_2,1200,800,True,True,"[1113, 421, 1198, 519]",0.008677083333333334
0000888,compliant,rule_4,1920,1080,True,False,,
0000889,compliant,rule_4,1200,900,True,True,"[255, 300, 1119, 851]",0.4408
0000895,fall_hazard,rule_3,1200,675,True,True,"[3, 456, 391, 657]",0.09628148148148148
0000904,compliant,rule_2,1200,900,True,True,"[421, 806, 481, 871]",0.003611111111111111
0000905,compliant,rule_3,1200,900,True,True,"[1, 100, 1198, 899]",0.8855583333333333
0000923,compliant,rule_2,720,576,False,True,"[559, 221, 690, 301]",0.025270061728395063
0000925,fall_hazard,rule_2,1200,900,True,True,"[207, 572, 238, 605]",0.0009472222222222222
0000936,compliant,rule_4,1200,900,True,True,"[451, 175, 763, 435]",0.07511111111111111
0000940,compliant,rule_3,1200,900,True,True,"[1, 702, 1198, 899]",0.21834166666666666
0000959,compliant,rule_2,1200,900,True,True,"[521, 196, 758, 506]",0.06802777777777778
0000991,fall_hazard,rule_3,1200,900,True,True,"[577, 538, 961, 899]",0.12835555555555556
0000993,fall_hazard,rule_2,1000,1000,True,True,"[436, 518, 480, 564]",0.002024
0001014,compliant,rule_3,1200,900,True,True,"[301, 369, 505, 567]",0.0374
0001033,struck_by_risk,rule_4,1200,900,True,True,"[469, 247, 849, 819]",0.20125925925925925
0001071,fall_hazard,rule_3,960,1280,True,True,"[411, 932, 770, 1278]",0.10108561197916667
0001077,ppe_violation,rule_1,900,1200,True,True,"[416, 1024, 429, 1036]",0.00014444444444444444
0001081,fall_hazard,rule_3,1200,900,True,True,"[151, 412, 1198, 777]",0.3538472222222222
0001117,ppe_violation,rule_1,1200,900,True,True,"[657, 334, 686, 352]",0.00048333333333333334
0001151,ppe_violation,rule_1,960,720,True,True,"[561, 287, 585, 300]",0.00045138888888888887
0001194,fall_hazard,rule_3,1200,900,True,True,"[1, 365, 201, 393]",0.005185185185185185
0001229,fall_hazard,rule_3,675,1200,False,False,,
0001274,fall_hazard,rule_3,960,1280,True,True,"[0, 560, 235, 1278]",0.13731282552083332
0001325,struck_by_risk,rule_4,1200,900,True,True,"[103, 151, 1120, 771]",0.5838333333333333
0001431,ppe_violation,rule_1,1280,960,True,True,"[1, 685, 7, 696]",5.37109375e-05
0001436,fall_hazard,rule_3,1200,900,True,True,"[1, 594, 106, 809]",0.020902777777777777
0001460,ppe_violation,rule_1,1200,900,True,True,"[926, 393, 955, 415]",0.0005907407407407407
0001470,ppe_violation,rule_1,900,1200,True,True,"[440, 1012, 453, 1023]",0.00013240740740740742
0001484,fall_hazard,rule_3,1200,675,True,True,"[1, 434, 453, 674]",0.13392592592592592
0001512,struck_by_risk,rule_4,1200,900,True,True,"[575, 178, 1073, 810]",0.29142222222222225
0001520,fall_hazard,rule_3,900,1200,True,True,"[0, 263, 899, 1198]",0.7783009259259259
0001530,fall_hazard,rule_2,1200,900,True,True,"[623, 442, 704, 533]",0.006825
0001597,fall_hazard,rule_3,1440,1080,True,True,"[1, 399, 1438, 546]",0.1358275462962963
0001623,fall_hazard,rule_3,1200,900,True,True,"[1, 612, 1198, 899]",0.31809166666666666
0001667,fall_hazard,rule_3,1200,900,True,True,"[1, 198, 1198, 266]",0.07536666666666667
0001699,fall_hazard,rule_2,1200,722,True,True,"[806, 98, 872, 153]",0.004189750692520776
0001798,fall_hazard,rule_3,4000,3000,True,True,"[258, 1768, 1298, 2026]",0.02236
0001804,ppe_violation,rule_1,3648,2736,True,True,"[1924, 1394, 2125, 1534]",0.0028193771160357033
0001842,ppe_violation,rule_1,1200,900,True,True,"[859, 469, 896, 498]",0.0009935185185185186
0001981,fall_hazard,rule_3,1280,960,True,True,"[717, 600, 1278, 959]",0.16389892578125
0001982,ppe_violation,rule_1,1200,900,True,True,"[1142, 597, 1168, 619]",0.0005296296296296297
0001986,ppe_violation,rule_1,1200,900,True,True,"[500, 375, 524, 400]",0.0005555555555555556
0001989,fall_hazard,rule_3,1280,960,True,True,"[531, 548, 1278, 902]",0.2152001953125
0002042,struck_by_risk,rule_4,1200,900,True,True,"[217, 57, 1057, 772]",0.5561111111111111
0002092,fall_hazard,rule_2,1200,900,True,True,"[640, 430, 718, 482]",0.0037555555555555554
0002150,fall_hazard,rule_3,1280,960,True,True,"[445, 672, 1278, 959]",0.19455647786458333
0002153,ppe_violation,rule_1,1200,900,True,True,"[152, 378, 199, 420]",0.0018277777777777778
0002158,fall_hazard,rule_2,1200,900,True,True,"[339, 629, 370, 660]",0.0008898148148148149
0002178,fall_hazard,rule_3,960,1280,True,True,"[0, 670, 572, 1278]",0.28302083333333333
0002211,ppe_violation,rule_1,1200,900,True,True,"[393, 573, 406, 583]",0.00012037037037037037
0002260,ppe_violation,rule_1,1200,900,True,True,"[711, 707, 723, 715]",8.888888888888889e-05
0002262,ppe_violation,rule_1,1200,901,True,True,"[767, 323, 801, 348]",0.0007861635220125787
0002291,ppe_violation,rule_1,1200,800,True,True,"[200, 396, 218, 408]",0.000225
0002348,ppe_violation,rule_1,1200,900,True,True,"[705, 582, 747, 628]",0.001788888888888889
0002446,struck_by_risk,rule_4,1200,900,True,True,"[377, 181, 526, 490]",0.042630555555555553
0002480,ppe_violation,rule_1,1200,900,True,True,"[357, 255, 428, 329]",0.004864814814814815
0002525,ppe_violation,rule_1,1600,1200,True,True,"[887, 889, 924, 919]",0.000578125
0002534,fall_hazard,rule_3,1200,900,True,True,"[1, 562, 585, 899]",0.18222962962962963
0002595,fall_hazard,rule_3,1200,900,True,True,"[489, 261, 1027, 899]",0.3178185185185185
0002599,ppe_violation,rule_1,1200,900,True,True,"[225, 324, 247, 341]",0.0003462962962962963
0002668,ppe_violation,rule_1,1200,900,True,True,"[704, 487, 723, 499]",0.0002111111111111111
0002815,fall_hazard,rule_2,1080,1440,True,True,"[706, 810, 806, 889]",0.005079732510288066
0002925,fall_hazard,rule_3,1200,900,True,True,"[1, 414, 541, 460]",0.023
0002957,ppe_violation,rule_1,1200,900,True,True,"[610, 460, 635, 477]",0.0003935185185185185
0003067,ppe_violation,rule_1,1280,960,True,True,"[854, 329, 903, 363]",0.0013557942708333334
0003071,ppe_violation,rule_1,1200,900,True,True,"[561, 36, 800, 213]",0.039169444444444444
0003088,struck_by_risk,rule_4,1200,900,True,True,"[319, 275, 889, 812]",0.28341666666666665
0003164,ppe_violation,rule_1,1200,800,True,True,"[173, 484, 193, 500]",0.0003333333333333333
0003206,ppe_violation,rule_1,1200,900,True,True,"[1, 394, 26, 415]",0.0004861111111111111
0003302,ppe_violation,rule_1,1200,900,True,True,"[289, 573, 301, 585]",0.00013333333333333334
0003339,ppe_violation,rule_1,1200,675,True,True,"[49, 189, 157, 249]",0.008
0003429,ppe_violation,rule_1,2560,1920,True,True,"[1253, 729, 1327, 786]",0.000858154296875
0003479,fall_hazard,rule_2,675,1200,True,True,"[416, 319, 577, 415]",0.01908148148148148
0003516,ppe_violation,rule_1,1200,800,True,True,"[98, 405, 115, 420]",0.000265625
0003613,fall_hazard,rule_3,960,1280,False,True,"[203, 269, 496, 1059]",0.18837076822916668
0003632,fall_hazard,rule_2,907,765,True,True,"[468, 168, 542, 264]",0.010238450396696717
0003813,struck_by_risk,rule_4,1200,800,True,True,"[625, 158, 956, 435]",0.09550729166666666
0003922,ppe_violation,rule_1,1160,637,False,True,"[697, 476, 716, 490]",0.00035998484274346343
0003928,ppe_violation,rule_1,1200,675,True,True,"[1029, 267, 1046, 279]",0.00025185185185185185
0003943,ppe_violation,rule_1,1200,900,True,True,"[62, 568, 79, 582]",0.00022037037037037037
0004032,fall_hazard,rule_3,1200,900,True,True,"[1, 347, 578, 559]",0.11326296296296297
0004171,ppe_violation,rule_1,1200,900,True,True,"[1011, 467, 1030, 482]",0.00026388888888888886
0004196,struck_by_risk,rule_4,1200,900,True,True,"[439, 173, 785, 821]",0.2076
0004273,ppe_violation,rule_1,1200,900,True,True,"[991, 455, 1019, 470]",0.00038888888888888887
0004332,ppe_violation,rule_1,1200,900,True,True,"[1, 125, 111, 225]",0.010185185185185186
0004380,ppe_violation,rule_1,1200,900,True,True,"[827, 408, 855, 436]",0.000725925925925926
0004497,ppe_violation,rule_1,1200,900,True,True,"[4, 536, 38, 561]",0.000787037037037037
0004552,fall_hazard,rule_3,1200,675,True,True,"[367, 314, 728, 536]",0.09894074074074075
0004680,ppe_violation,rule_1,720,576,False,True,"[142, 158, 154, 165]",0.0002025462962962963
0004716,ppe_violation,rule_1,1200,800,True,True,"[281, 404, 293, 416]",0.00015
0004831,fall_hazard,rule_2,1200,900,True,True,"[425, 537, 494, 588]",0.003258333333333333
